first_name,last_name,email,remaining_goal_amount
Cecilia,Velasco,cecilia.velasco@rodrigues.fr,100
Mariana,Ellis,mariana.ellis@rossi.org,-13160
Sofie,Woods,sofie.woods@riviere.com,-34123
Jeanette,Iannotti,jeanette.iannotti@yahoo.com,1723
Samuel,Sorgatz,samuel.sorgatz@gmail.com,2335
Socorro,Luna,socorro.luna@hotmail.com,-5595
Carolina,Murray,carolina.murray@knight.com,4110
Kayla,Moon,kayla.moon@yahoo.de,-10241
Ariadna,Geisel,ariadna.geisel@rangel.com,88154
Danielle,Ladeck,danielle.ladeck@scalfaro.net,2992
Tatiana,Thompson,tatiana.thompson@hunt.net,-8638
Caleb,Benavides,caleb.benavides@rubio.com,3270
Sandra,Hardy,sandra.hardy@web.de,671
Lotti,Morris,lotti.morris@yahoo.co.uk,-6095
Reinhilde,White,reinhilde.white@voila.fr,9371
Kerry,Patel,kerry.patel@hutchinson.com,42786
Sophie,Antoine,sophie.antoine@andersen.com,-9341
Martha,Girard,martha.girard@web.de,-50245
Stephanie,King,stephanie.king@cervantes.com,3011
Amanda,Palmer,amanda.palmer@didier.fr,32169
Lina,Alcala,lina.alcala@vespa.net,-16136
Itzel,Murphy,itzel.murphy@muelichen.de,55467
Filippo,Parry,filippo.parry@live.com,-16590
Katelyn,Cole,katelyn.cole@fiebig.com,-10442
Brian,Novak,brian.novak@ford.net,-11857
Cilly,Gay,cilly.gay@callegaro.it,-6404
Yolanda,Snyder,yolanda.snyder@gmx.de,55686
Evelin,Odonnell,evelin.odonnell@ibarra.net,401
Ingeborg,Alba,ingeborg.alba@hotmail.com,-6835
Marina,Madrid,marina.madrid@galarza-alba.com,-105065
Sheila,Goodwin,sheila.goodwin@yahoo.com,-5455
Valeria,Rich,valeria.rich@turchetta-mondadori.it,-7350
Dustin,Camacho,dustin.camacho@rhodes.org.au,13324
Amalia,Marenzio,amalia.marenzio@grupo.com,-139466
Gian,Long,gian.long@hotmail.com,-4725
Stewart,Hunt,stewart.hunt@anderson-vargas.biz,-63128
Greca,Ruiz,greca.ruiz@carr.co.uk,-401
Gerald,Olivera,gerald.olivera@outlook.com,-3239
Jaqueline,Wallace,jaqueline.wallace@gmail.com,-6985
John,Lane,john.lane@gregoire.fr,4873
Pero,Joly,pero.joly@bernard.net,-6078
Chad,Turner,chad.turner@gmail.com,-6324
Adam,Zavala,adam.zavala@guichard.fr,-6191
Tyler,Rivera,tyler.rivera@guajardo-ozuna.com,-77517
Jens,Graham,jens.graham@jones-buckley.com,-8941
Virginia,Caetani,virginia.caetani@sosa.biz,4970
Martino,Wagner,martino.wagner@laposte.net,-547
Martin,Meyer,martin.meyer@davis.co.uk,-5629
Marguerite,Walls,marguerite.walls@martinez.fr,-95562
Peter,Vogt,peter.vogt@yahoo.com,-6453
Nicholas,Christian,nicholas.christian@hotmail.de,98
Susi,Steinberg,susi.steinberg@preiss.com,12857
Tammy,Ramazzotti,tammy.ramazzotti@gmail.com,4741
Abdul,Thomas,abdul.thomas@vasari.com,-3556
Justin,Luxardo,justin.luxardo@googlemail.com,608
Antonio,Gibson,antonio.gibson@faust.net,-5146
Jeremy,Gomez,jeremy.gomez@oconnor.org,-3493
Raymond,Solorzano,raymond.solorzano@gmail.com,-3343
Flora,Harris,flora.harris@hotmail.com.au,-3432
Cheryl,Boyd,cheryl.boyd@segni.it,-2451
Rhys,Leiva,rhys.leiva@gmx.de,-41797
Mariano,Prieto,mariano.prieto@vodafone.it,14450
Laurie,Fibonacci,laurie.fibonacci@gmail.com,-12452
David,Rudolph,david.rudolph@nelson.com,4143
Bryan,Ross,bryan.ross@yahoo.com,66
Ubaldo,Brown,ubaldo.brown@philippe.com,-8305
Clelia,Faulkner,clelia.faulkner@hotmail.com,1593
Sara,Erickson,sara.erickson@yahoo.de,-45292
Rupert,Valle,rupert.valle@filogamo.it,-8808
Puccio,Kitzmann,puccio.kitzmann@yahoo.com,5999
Thomas,Hutchinson,thomas.hutchinson@gmx.de,-30389
Abelardo,Castro,abelardo.castro@gmail.com,-484
Greco,Walker,greco.walker@yahoo.com,-3422
Miranda,Lacombe,miranda.lacombe@longoria-vanegas.net,-7853
Diana,Schuchhardt,diana.schuchhardt@libero.it,-876
Stacey,Knox,stacey.knox@corporacin.com,-4906
Glen,Faivre,glen.faivre@yahoo.com,26907
Andrew,Torres,andrew.torres@ruiz-torres.org,5040
Denny,Fritz,denny.fritz@despacho.biz,-9036
Martyn,Caldera,martyn.caldera@hotmail.co.uk,17572
Abigail,Foster,abigail.foster@taylor.net,-5912
Anthony,Hauffer,anthony.hauffer@tlustek.org,-21057
Roger,Gerlach,roger.gerlach@may-mitchell.co.uk,-13973
Christopher,Poirier,christopher.poirier@hotmail.com,66404
Branka,Traore,branka.traore@jacobi.com,-10164
Briana,Etienne,briana.etienne@bishop-coates.com,-1530
Brandon,Olson,brandon.olson@prince-moreno.net,-5005
Celia,Ungaretti,celia.ungaretti@fox.com,75460
Barbara,Guibert,barbara.guibert@casares-sanches.com,-7716
Daniela,Bell,daniela.bell@vollbrecht.org,-5188
Phyllis,Gurule,phyllis.gurule@rodriguez-pham.com,1668
Alejandra,Joseph,alejandra.joseph@escalante-abrego.biz,79612
Giulio,Bohlander,giulio.bohlander@dbmail.com,-31775
Amber,Weller,amber.weller@toso.eu,42923
Mary,Etzold,mary.etzold@conrad-harrison.com,-5907
Amy,Georges,amy.georges@raedel.de,-117
Jennifer,Giraud,jennifer.giraud@yahoo.com,-81813
Rosie,Peltier,rosie.peltier@voila.fr,-10747
Oreste,Ward,oreste.ward@proyectos.com,64849
Luis,Edwards,luis.edwards@live.com,-7351
Fiona,Griffiths,fiona.griffiths@curatoli-verdone.it,99
Sally,Raya,sally.raya@tarchetti.it,-8293
Carolyn,Charpentier,carolyn.charpentier@hotmail.de,-6722
Nathalie,Alvarez,nathalie.alvarez@live.com,7539
Abril,Lowery,abril.lowery@novak.net,-51423
Ottone,Sullivan,ottone.sullivan@hussain-kaur.com,-3029
Esmeralda,Sollima,esmeralda.sollima@visintini.it,-10106
Silvia,Gierschner,silvia.gierschner@tele2.it,-3027
Kyle,Cunningham,kyle.cunningham@voila.fr,-7429
Anel,Carpentier,anel.carpentier@klein-joseph.org,2121
Sarah,Davis,sarah.davis@david.com,121093
Luke,Klein,luke.klein@hotmail.com,-12253
Gudrun,Mueller,gudrun.mueller@dillon-fuller.info,-7935
Melissa,Canali,melissa.canali@libero.it,-9137
Gabrielle,Ayala,gabrielle.ayala@hotmail.com,-11916
Laura,Buckley,laura.buckley@ryan.org,21318
Wilfrido,Lorch,wilfrido.lorch@leclerc.fr,864
Robert,Bruder,robert.bruder@manzoni.com,-3623
Phillip,Soliz,phillip.soliz@outlook.com,-951
Alex,Smith,alex.smith@fournier.fr,-5748
Jessica,Martinez,jessica.martinez@salieri.com,-37172
Kelly,Carter,kelly.carter@hotmail.com.au,-54061
Ahmad,Sosa,ahmad.sosa@gmail.com,48745
Toralf,Iglesias,toralf.iglesias@borrego.com,144608
Irene,Anichini,irene.anichini@yahoo.com,-6962
Alicia,Cainero,alicia.cainero@yahoo.com,-3175
Tracey,Laboy,tracey.laboy@bell.biz,110583
Donald,Reynaud,donald.reynaud@green.edu.au,50133
Venancio,Stadelmann,venancio.stadelmann@gmx.de,28004
Seth,Olivier,seth.olivier@yahoo.com,143744
Dennis,Boaga,dennis.boaga@gmx.de,-5325
Pedro,Wilson,pedro.wilson@outlook.com,-1416
Roland,Weihmann,roland.weihmann@gmail.com,-534
Hector,Morrison,hector.morrison@web.de,-9485
Evangelos,Peters,evangelos.peters@sanchez.net,10212
Gerardo,Hamilton,gerardo.hamilton@libero.it,2212
Meta,Cuzzocrea,meta.cuzzocrea@howard-jensen.org,80079
Alma,Raymond,alma.raymond@tin.it,-2912
Kathleen,Solimena,kathleen.solimena@wallace.biz,384
Zacharie,Cordier,zacharie.cordier@gmail.com,72854
Riza,Techer,riza.techer@yahoo.com,-6774
Enrique,Guillen,enrique.guillen@hotmail.co.uk,-1023
Tristan,Weeks,tristan.weeks@pena.com,-6502
Natalie,Lerma,natalie.lerma@boucher.com,-1922
Rodney,Hamon,rodney.hamon@hotmail.com,-2619
Adalberto,Lombardo,adalberto.lombardo@sfr.fr,-34128
Florencia,Querini,florencia.querini@gmail.com,7282
Liam,Rolland,liam.rolland@yahoo.fr,-1037
Ian,Kelly,ian.kelly@reeves.com.au,-1955
Mehdi,Todd,mehdi.todd@web.de,-7432
Rembrandt,Liguori,rembrandt.liguori@davis.org,99
Irmi,Schweitzer,irmi.schweitzer@ozuna.com,49163
Gioffre,Stein,gioffre.stein@hotmail.com.au,-134073
Frida,Villarreal,frida.villarreal@hotmail.de,13288
Steffen,Mangold,steffen.mangold@paul.net,70650
Elias,Marin,elias.marin@herve.net,48794
Roman,Gonzalez,roman.gonzalez@anderson.net,9486
Reina,Middleton,reina.middleton@hotmail.com,1988
Sandro,Moran,sandro.moran@hotmail.de,-2540
Gebhard,Thanel,gebhard.thanel@gmail.com,-22
Antonino,Bolander,antonino.bolander@gmail.com,-4985
Karl,Trevisani,karl.trevisani@anguissola.it,1200
Silvester,Brookes,silvester.brookes@franco.org,-3034
Octavio,Pratt,octavio.pratt@web.de,-5364
Rebecca,Greer,rebecca.greer@hotmail.com,-255
Pierina,Gaggini,pierina.gaggini@free.fr,-19879
Robin,Schleich,robin.schleich@rogers-barrera.biz,-3639
Sergio,Abbott,sergio.abbott@moore.net.au,-8204
Gilberto,Evans,gilberto.evans@salcedo-archuleta.net,87993
James,Elliott,james.elliott@gmail.com,-75511
Timoteo,Bolnbach,timoteo.bolnbach@laboratorios.com,182572
Tonino,Stanley,tonino.stanley@hotmail.com,4379
Margaretha,Murialdo,margaretha.murialdo@meunier.com,137
Bianca,Drubin,bianca.drubin@libero.it,-60935
Kaylee,Hoffmann,kaylee.hoffmann@poulain.com,-4768
Teresa,Vecellio,teresa.vecellio@yahoo.com,133741
Emine,Tacchini,emine.tacchini@dbmail.com,28940
Dawn,Cortez,dawn.cortez@gmail.com,-122793
Emily,Cundari,emily.cundari@clark.com.au,273
Eleanor,Hall,eleanor.hall@hotmail.com,-114685
Monique,Delgadillo,monique.delgadillo@hotmail.co.uk,-116736
Arnaude,Warner,arnaude.warner@gmail.com,3285
Jason,Howell,jason.howell@gmx.de,-168650
Nicole,Mccullough,nicole.mccullough@hall.com,1575
Rosmarie,Esquibel,rosmarie.esquibel@bouygtel.fr,-6950
Leonor,Ferreira,leonor.ferreira@gmail.com,282
Brett,Jones,brett.jones@alice.it,60442
Nino,Bien,nino.bien@gmail.com,-78184
Jemma,Tate,jemma.tate@hotmail.de,5575
Denis,Rogers,denis.rogers@poste.it,146296
Vanesa,Khan,vanesa.khan@voila.fr,1162
Victoria,Ojeda,victoria.ojeda@doehn.com,5212
Eugenio,Martin,eugenio.martin@yahoo.de,34083
Nancy,Hayes,nancy.hayes@hotmail.com,3588
Lara,Jacob,lara.jacob@buckley.org,-1616
Gino,Hernandez,gino.hernandez@covarrubias.com,-41357
Vicente,Tijerina,vicente.tijerina@montanariello.com,3022
Michele,Brambilla,michele.brambilla@yahoo.com,-108418
Dana,Ritacca,dana.ritacca@gmail.com,57159
Mitchell,Bachmann,mitchell.bachmann@suarez-cruz.com,832
Vincenza,Key,vincenza.key@adams.com,98
Salvador,Gaillard,salvador.gaillard@yahoo.de,-12205
Diane,Rogner,diane.rogner@kelly.co.uk,1757
Josette,Laine,josette.laine@saracino-parisi.net,-49513
Courtney,Fiebig,courtney.fiebig@doerschner.com,72471
Hugues,Oliver,hugues.oliver@stiffel.com,-4314
Espartaco,Willis,espartaco.willis@hotmail.com,5504
Flavia,Yoder,flavia.yoder@hotmail.de,-3257
Casey,Flores,casey.flores@baggio.org,-2210
Calogero,Cross,calogero.cross@mercantini.it,153288
Charles,Begum,charles.begum@laboratorios.info,3062
Adina,Pollard,adina.pollard@outlook.com,5300
Natasha,Lara,natasha.lara@outlook.com,-4200
Benita,Pottier,benita.pottier@sfr.fr,-83649
Elizabeth,Valdivia,elizabeth.valdivia@gmail.com,-12924
Mattia,Huet,mattia.huet@aol.de,150776
Geza,Howard,geza.howard@voila.fr,-67021
Lauren,Guillaume,lauren.guillaume@sorgatz.org,71489
Joanna,Baxter,joanna.baxter@bruce-wright.com,-6609
Tracy,Metz,tracy.metz@bryant.info,-96797
Birgit,Pena,birgit.pena@armellini.it,7233
Elvira,Papafava,elvira.papafava@ifrance.com,1670
Ernest,Delorme,ernest.delorme@dowerg.de,-1823
Christy,Grossi,christy.grossi@alarcon-tafoya.com,5403
Hermelinda,Olmos,hermelinda.olmos@portillo.com,-140585
Herbert,Fraser,herbert.fraser@holloway.org.au,-108598
Giancarlo,Heydrich,giancarlo.heydrich@hotmail.com,-7999
Constance,Maldonado,constance.maldonado@spiess.net,-41851
Giampiero,Carlier,giampiero.carlier@hotmail.com,-27452
Carlo,Jacquot,carlo.jacquot@hotmail.com,-80198
Gabriel,Robles,gabriel.robles@yahoo.com,-7684
Gerd,Gunpf,gerd.gunpf@gmail.com,1677
Ashley,Hellwig,ashley.hellwig@libero.it,-2423
Patrick,Rosas,patrick.rosas@yahoo.com,-2200
Lilla,Leonard,lilla.leonard@jungfer.com,-681
Tony,Nicolas,tony.nicolas@morrocco-seddio.net,5011
Allegra,Benedetti,allegra.benedetti@miller.com,35177
Camille,Tafuri,camille.tafuri@aol.de,-5522
Juan,Wheeler,juan.wheeler@gilmore.net,-7738
Leopoldo,Johnson,leopoldo.johnson@hotmail.com.au,73
Dietmar,Grenier,dietmar.grenier@tele2.it,-93724
Leonid,Scholl,leonid.scholl@collin.com,-3229
Olivie,Contarini,olivie.contarini@marshall-wright.biz,-2329
Jeffery,Lacroix,jeffery.lacroix@medina.org,-7940
Edeltraud,Chavez,edeltraud.chavez@hotmail.com.au,-3288
Mesut,Morvan,mesut.morvan@gmail.com,-11871
Gregory,Jackson,gregory.jackson@ortiz.com,-10149
Nicola,Rossi,nicola.rossi@berry.org,-164858
Eddie,Collazo,eddie.collazo@gmail.com,-6903
Philippe,Gardner,philippe.gardner@howells-jones.net,-106595
Roy,Fox,roy.fox@tejeda.com,97
Heiderose,Garcia,heiderose.garcia@noos.fr,3260
Claudine,Rowley,claudine.rowley@industrias.com,-5263
Astrid,Roht,astrid.roht@fastwebnet.it,13339
Auguste,Burnett,auguste.burnett@yahoo.fr,-3905
Pellegrino,Allen,pellegrino.allen@gmail.com,-16235
Angela,Bowers,angela.bowers@laboratorios.com,3141
Michael,Descamps,michael.descamps@gmail.com,-2622
Heidelore,Kennedy,heidelore.kennedy@guinizzelli.org,-8424
Lucrezia,Koch,lucrezia.koch@petit.com,-8955
Ivan,Accardo,ivan.accardo@web.de,-3635
Karen,Avogadro,karen.avogadro@yahoo.com,57997
Laetitia,Gallet,laetitia.gallet@aubry.org,-3628
Amico,Gosselin,amico.gosselin@shaw.info,-7856
Ilaria,Bowen,ilaria.bowen@hotmail.it,-119775
Marlen,Coardi,marlen.coardi@colletti.eu,-1131
Rafael,Alexander,rafael.alexander@jenkins.com,25998
Herma,Gabbana,herma.gabbana@hotmail.com,-82310
Zachary,Vespucci,zachary.vespucci@industrias.com,-1208
Marisol,Richard,marisol.richard@gmail.com,-5342
Joseph,Glover,joseph.glover@laposte.net,126640
Lauretta,Neal,lauretta.neal@hotmail.de,151747
Simone,Sauvage,simone.sauvage@yahoo.com,-104249
Ramona,Brooks,ramona.brooks@kensy.de,-2904
Gioele,Schwital,gioele.schwital@moody.com,1627
Elena,Jimenez,elena.jimenez@yahoo.com.au,-5519
Pam,Vargas,pam.vargas@guillot.net,176
Alison,Morales,alison.morales@lewis.com,-6765
Marc,Aumann,marc.aumann@holland.com,-6099
Carla,Butler,carla.butler@yahoo.com,-5656
Dionigi,Bruce,dionigi.bruce@industrias.com,-12036
Frank,Henry,frank.henry@yahoo.com,13948
Brent,Pons,brent.pons@proyectos.net,-676
Patricia,Liebelt,patricia.liebelt@baca.org,6583
Micheletto,Sykes,micheletto.sykes@thompson-thompson.com,1647
Rose,Blanc,rose.blanc@grupo.com,-5457
Vincent,Singh,vincent.singh@gmail.com,92543
Jamie,Peacock,jamie.peacock@interiano-nordio.com,-6913
Giorgia,Dijoux,giorgia.dijoux@paul.com,124
Serena,Piacentini,serena.piacentini@yahoo.de,-12674
Dimitri,Posada,dimitri.posada@gmail.com,76878
Alexa,Barillaro,alexa.barillaro@ramos.net,-6419
Megan,Kuhl,megan.kuhl@despacho.com,6583
Kaitlyn,Farinelli,kaitlyn.farinelli@outlook.com,5435
Jonathan,Castellitto,jonathan.castellitto@libero.it,-7438
Lisa,Terragni,lisa.terragni@proyectos.com,124131
Olivier,Petrucelli,olivier.petrucelli@letta-raurica.eu,2748
Jos,Trobbiani,jos.trobbiani@samson.com,415
Mirjam,Dawson,mirjam.dawson@yahoo.com,-1537
Javier,Tessier,javier.tessier@mclaughlin.biz,1846
Mirjana,Collins,mirjana.collins@hotmail.com,95
Vanessa,Tschentscher,vanessa.tschentscher@mitchell.com,-11202
Antonina,Cobb,antonina.cobb@gibson.org,51866
Bernard,Durand,bernard.durand@royer.com,591
Corey,Greggio,corey.greggio@johnson.org.au,-9369
Rodolfo,Couturier,rodolfo.couturier@tim.it,-5214
Pierre,Cardenas,pierre.cardenas@luzi-bonomo.eu,5986
Romeo,Surian,romeo.surian@batista.com,-10573
Ivo,Moreno,ivo.moreno@hotmail.com,30640
Federico,Marie,federico.marie@jourdan.fr,1013
Maggie,Boito,maggie.boito@yahoo.com,6214
Brianna,Hanson,brianna.hanson@stanley.com,-6512
Heiko,Bourgeois,heiko.bourgeois@togliatti.com,-124245
Benito,Gritti,benito.gritti@gmail.com,-6497
Mitzy,Junk,mitzy.junk@zaragoza.com,-2726
Samantha,Lowe,samantha.lowe@praga.it,6280
Ernesto,Nerger,ernesto.nerger@middleton.co.uk,3199
Melinda,Canova,melinda.canova@orange.fr,5331
Mohammad,Hartung,mohammad.hartung@hotmail.com,4797
Ben,Maillot,ben.maillot@ramos.net,5149
Isabel,Pruschke,isabel.pruschke@gmail.com,76308
Linda,Franceschi,linda.franceschi@richards.net,9978
Olivia,Striebitz,olivia.striebitz@gmail.com,-78477
Penny,Watson,penny.watson@matthews.net,6752
Manfred,James,manfred.james@davies.org,-4548
Hazel,Pierce,hazel.pierce@outlook.com,603
Alf,Bates,alf.bates@dunn.com,3874
Scott,Gough,scott.gough@industrias.com,1598
Konrad,Briones,konrad.briones@fierro.com,-33126
Mathilde,Kruschwitz,mathilde.kruschwitz@yahoo.com,72323
Irma,Gemito,irma.gemito@googlemail.com,-28630
Antoine,Guyon,antoine.guyon@yahoo.com,-11343
William,Gibilisco,william.gibilisco@gaillard.com,-20696
Judith,Butte,judith.butte@fischer-vaughn.info,-2300
Joanne,Henderson,joanne.henderson@gmail.com,-57338
Ludovica,Arellano,ludovica.arellano@morandi-argento.com,-24828
Catherine,Gray,catherine.gray@hotmail.com,2098
Franco,Fioravanti,franco.fioravanti@barry-gill.com.au,-21564
Heather,Zimmer,heather.zimmer@bluemel.de,-55242
Hortense,Taylor,hortense.taylor@chambers.biz,27326
Livia,Ernst,livia.ernst@colas.fr,2136
Toby,Etzler,toby.etzler@industrias.com,17523
Ennio,Leoncavallo,ennio.leoncavallo@sanchez.org,16036
Philippine,Vaca,philippine.vaca@hotmail.com,4147
Rhonda,Phillips,rhonda.phillips@yahoo.com,114641
Alphonse,Nitto,alphonse.nitto@voila.fr,134441
Karina,Arreola,karina.arreola@yahoo.com.au,5242
Denise,Wood,denise.wood@mantegna.com,-11707
Burghard,Rosenow,burghard.rosenow@hotmail.com,56177
Friedl,Powell,friedl.powell@laposte.net,84842
Benjamin,Schultz,benjamin.schultz@rivero-davila.com,95
Rachel,Ulibarri,rachel.ulibarri@schueler.com,-20531
Silvano,Blanchet,silvano.blanchet@yahoo.com,1823
Kurt,Sauer,kurt.sauer@almanza.biz,-104361
Nayeli,Gehringer,nayeli.gehringer@hotmail.com,-1448
Imelda,Guerin,imelda.guerin@stumpf.net,1559
Zbigniew,Holmes,zbigniew.holmes@stiffel.net,5869
Adela,Alfonsi,adela.alfonsi@despacho.com,-1953
Hilary,Clark,hilary.clark@libero.it,8554
Kornelius,Molina,kornelius.molina@heuser.com,-7948
Christian,Anderson,christian.anderson@tim.it,-75432
Francisco,Dorsey,francisco.dorsey@tiscali.fr,-4046
Walli,Albert,walli.albert@dussen.com,-10055
Siegrun,Mota,siegrun.mota@matthews-montoya.org.au,-3130
Alberico,Herve,alberico.herve@beer.net,-13647
Serafina,Bonnin,serafina.bonnin@mendes.com,-10135
Marcelle,Bender,marcelle.bender@edwards-robinson.info,-8858
Hartmuth,Robertson,hartmuth.robertson@thomas.edu.au,8030
Herlinde,George,herlinde.george@free.fr,-9194
Pamela,Payne,pamela.payne@yahoo.com,-9343
Gastone,Beyer,gastone.beyer@stewart-sanchez.edu,-66665
Lydia,Berengario,lydia.berengario@aol.de,60790
Lucy,Davidson,lucy.davidson@tele2.it,-13424
Franck,Wade,franck.wade@gute.org,-141791
Heidi,Barker,heidi.barker@gmail.com,145327
Arnaldo,Ocasio,arnaldo.ocasio@hotmail.com,1221
Francis,Bernier,francis.bernier@rodriguez.com,-8875
Johanne,Strong,johanne.strong@yahoo.de,44602
Debra,Langlois,debra.langlois@schmiedecke.com,153318
Reingard,Kambs,reingard.kambs@sagese.eu,4288
Mauro,Ortiz,mauro.ortiz@oquendo.net,-1508
Griselda,Carranza,griselda.carranza@krause.de,-4449
Janet,Madrigal,janet.madrigal@gmail.com,3297
Jenna,Day,jenna.day@reed.com,-7899
Modesto,Wright,modesto.wright@pareto.com,-82379
Alice,Wall,alice.wall@zaccardo.it,-17959
Brenda,Sontag,brenda.sontag@solari.com,31946
Sergius,Mace,sergius.mace@palazzo.com,66205
Antonia,Kline,antonia.kline@gmail.com,101862
Maurice,Gumprich,maurice.gumprich@griffin.net.au,-18352
Daniel,Anders,daniel.anders@yahoo.com,-2077
Zaira,Cattaneo,zaira.cattaneo@yahoo.com,56007
Alessio,Bruneau,alessio.bruneau@hotmail.co.uk,35354
Gerdi,Guerrero,gerdi.guerrero@tele2.fr,-80988
Brigitte,Stiebitz,brigitte.stiebitz@gmail.com,-2955
June,Sinisi,june.sinisi@manzoni-giannini.it,-2138
Carl,Macias,carl.macias@yahoo.com,-30912
Veronica,Trapp,veronica.trapp@tiscali.it,-5983
Frances,Garnier,frances.garnier@aporti-guidotti.org,-10502
Terri,Iannelli,terri.iannelli@hotmail.com,35173
Odette,Moore,odette.moore@hall.edu,98
Mercedes,Trujillo,mercedes.trujillo@aol.de,-12872
Babette,Dumas,babette.dumas@brady.net,4354
Jerry,Santiago,jerry.santiago@soprano-ferragni.it,26980
Ronald,Simpson,ronald.simpson@ovadia.net,-105421
Emmanuel,Dominguez,emmanuel.dominguez@gmail.com,3073
Christiane,Ricciardi,christiane.ricciardi@zavala.com,-32283
Ingolf,Zamora,ingolf.zamora@yahoo.com.au,-8700
Rita,Sharp,rita.sharp@beard-scott.edu.au,-2929
Geraldine,Cabrera,geraldine.cabrera@green-smith.info,72796
Chantal,Armas,chantal.armas@jenkins.net,98164
Louis,Gilbert,louis.gilbert@gmail.com,-361
Michelle,Collier,michelle.collier@peruzzi.it,-11946
Guillermina,Nicholson,guillermina.nicholson@grondin.fr,71872
Bertrand,Hopkins,bertrand.hopkins@gmail.com,28795
Alonso,Palomo,alonso.palomo@gehringer.de,100948
Tina,Rodriguez,tina.rodriguez@web.de,75593
Eva,Francis,eva.francis@parker.org,757
Ottavio,Rust,ottavio.rust@crespi.com,69737
Amelia,Olvera,amelia.olvera@hotmail.com,-26669
Paul,Palladio,paul.palladio@mclaughlin.net.au,-1423
Bernardo,Wieloch,bernardo.wieloch@budig.com,3385
Umberto,Hicks,umberto.hicks@hill.com,-2375
Janko,Bishop,janko.bishop@tim.it,132077
Jessika,Meunier,jessika.meunier@gmx.de,3036
Isaac,Benard,isaac.benard@googlemail.com,-5067
Alexandrie,Lambert,alexandrie.lambert@yahoo.com,-8513
Roberto,Guyot,roberto.guyot@bennett.com,-22518
Giulietta,Lucas,giulietta.lucas@club.com,54363
Damaris,Pininfarina,damaris.pininfarina@gmail.com,17809
Fabrizia,Renard,fabrizia.renard@higgins-marks.com,2613
Camillo,Dehmel,camillo.dehmel@brown-campbell.com,-4717
Ruggero,Parpinel,ruggero.parpinel@gmail.com,1331
Stephen,Pratesi,stephen.pratesi@hotmail.com,55645
Ludger,Naccari,ludger.naccari@ingram.biz,4497
Meryem,Tapia,meryem.tapia@yahoo.com,-25720
Jasmine,Juvara,jasmine.juvara@yahoo.com.au,-12378
Victoire,Travaglia,victoire.travaglia@zacchia.com,-1869
Adrian,Noel,adrian.noel@perrin.com,-6527
Marvin,Howe,marvin.howe@gmail.com,-72500
Hanne,Kidd,hanne.kidd@yahoo.com,-63454
Donatello,Millet,donatello.millet@fritsch.net,5256
Eloisa,Pascarella,eloisa.pascarella@gmail.com,-5331
Erica,Zambrano,erica.zambrano@gmail.com,6068
Paula,Canales,paula.canales@gilmore-guerrero.com,-4738
Claudia,Bernard,claudia.bernard@mazzanti.it,-8639
Paulina,Miller,paulina.miller@lewis-barker.com,1221
Kathrin,Godfrey,kathrin.godfrey@tele2.fr,117446
Pina,Passalacqua,pina.passalacqua@yahoo.co.uk,44516
Julien,Miles,julien.miles@stevens-rose.com,-7803
Suzanne,Benigni,suzanne.benigni@mennea-morlacchi.com,96
Annalisa,Pugh,annalisa.pugh@hotmail.fr,-33902
Mathew,Maestas,mathew.maestas@casas-garrido.com,1755
Laszlo,Vallee,laszlo.vallee@verdier.com,79651
Helen,Polanco,helen.polanco@hotmail.com,2237
Mateo,Sorrentino,mateo.sorrentino@calderon.com,-21404
Eric,Barnes,eric.barnes@barrett-winter.com,-6038
Dragica,West,dragica.west@yahoo.com.au,3668
Antje,Voisin,antje.voisin@gmail.com,-84906
Stanley,Mills,stanley.mills@parker-lee.biz,626
Brandy,Meraz,brandy.meraz@yahoo.com,-1719
Conor,Reinhardt,conor.reinhardt@yahoo.com.au,-40554
Gabino,Blot,gabino.blot@lewis-russell.org,131066
Alvaro,Lemus,alvaro.lemus@yahoo.com,-10965
Patrizia,Wilms,patrizia.wilms@dbmail.com,-23820
Metin,Coulon,metin.coulon@ashley.com,-4129
Reece,Valencia,reece.valencia@laboy-palomo.com,-2784
Troy,Schmiedecke,troy.schmiedecke@picard.com,-6653
Wendy,Bustos,wendy.bustos@libero.it,2380
Guglielmo,Caldwell,guglielmo.caldwell@loeffler.com,-4728
Travis,Cowan,travis.cowan@turner.info,-6689
Brandi,Abbagnale,brandi.abbagnale@tele2.fr,-6789
Hanno,Gollum,hanno.gollum@smith.com,93458
Jutta,Burke,jutta.burke@elliott.com,-3907
Dorothe,Paz,dorothe.paz@fiebig.de,-10606
Desiree,Huerta,desiree.huerta@morris.com,-1032
Ilse,Bray,ilse.bray@venturi.it,134378
Pierpaolo,Scaduto,pierpaolo.scaduto@sanders-gibson.com.au,3887
Amedeo,Bradford,amedeo.bradford@yahoo.com,-93803
Julia,Ali,julia.ali@yahoo.com,-9910
Catalina,Pizzetti,catalina.pizzetti@tim.it,-56
Dylan,Porzio,dylan.porzio@yahoo.de,36669
Iris,Trincavelli,iris.trincavelli@tiscali.fr,3511
Johnathan,Guidotti,johnathan.guidotti@cox-sanchez.net,43164
Walburga,Vollbrecht,walburga.vollbrecht@aol.de,-47421
Kendra,David,kendra.david@allan-morton.com,62756
Aleksandr,Weiss,aleksandr.weiss@blanc.org,4498
Cornelio,Guardado,cornelio.guardado@gmail.com,-86724
Ferdi,Blackburn,ferdi.blackburn@christensen.net,-6363
Bill,Gallagher,bill.gallagher@green.com,-139
Leonard,Harvey,leonard.harvey@hotmail.com,-2196
Milan,Montenegro,milan.montenegro@langern.com,-116637
Philip,Perez,philip.perez@hotmail.co.uk,145169
Kathryn,Hentschel,kathryn.hentschel@shaw.com,-5614
Xavier,Samson,xavier.samson@baggio.it,-11184
Hartwig,Roberts,hartwig.roberts@saraceno.net,-10064
Kimberly,Chan,kimberly.chan@gmail.com,182133
Lorraine,Crawford,lorraine.crawford@gmail.com,6451
Maximiliano,Knowles,maximiliano.knowles@gmail.com,147083
Gabriella,Avila,gabriella.avila@gmail.com,85057
Rico,Mortati,rico.mortati@faivre.fr,100
Gail,Petrocelli,gail.petrocelli@yahoo.com,45857
Liberto,Niemeier,liberto.niemeier@germano-dibiasi.it,-5589
Luciana,Petitjean,luciana.petitjean@patterson-cole.biz,-20483
Ron,Cavazos,ron.cavazos@yahoo.com,576
Aldo,Cibin,aldo.cibin@gmx.de,77403
Alexandre,Serrano,alexandre.serrano@yahoo.co.uk,-148874
Lori,Fagotto,lori.fagotto@hill-anderson.com,1263
Perla,Figueroa,perla.figueroa@live.com,-21120
Reginald,Hughes,reginald.hughes@gmail.com,48990
Uriel,Holt,uriel.holt@gmail.com,-1489
Stefano,Lemonnier,stefano.lemonnier@binner.com,112302
Madeleine,Cooper,madeleine.cooper@poste.it,-3578
Alban,Barbier,alban.barbier@ortiz.org,5040
Alfonso,Finetti,alfonso.finetti@quiroz.com,107577
Ryan,Kim,ryan.kim@noos.fr,3803
Augustin,Wohlgemut,augustin.wohlgemut@watson.info,72076
Rolando,Bibi,rolando.bibi@tin.it,-708
Berthold,Randall,berthold.randall@mcdonald.com,8178
Genaro,Briand,genaro.briand@sfr.fr,-3102
Rudolf,Jenkins,rudolf.jenkins@hotmail.com,-2606
Pauline,Ackermann,pauline.ackermann@arredondo-roque.com,-3461
Folker,Swanson,folker.swanson@rodrigues.fr,34111
Ashleigh,Montez,ashleigh.montez@perry-schneider.com,-5403
Liliana,Barber,liliana.barber@libero.it,15564
Caridad,Carr,caridad.carr@huhn.com,332
Lolita,Borrego,lolita.borrego@gmail.com,-4644
Gunar,Patrick,gunar.patrick@leroy.com,720
Leokadia,Verdier,leokadia.verdier@hotmail.com.au,1773
Hanna,Reid,hanna.reid@salas.org,4526
Edelgard,Kreusel,edelgard.kreusel@hotmail.com,8672
Svenja,Perrin,svenja.perrin@berger.com,8362
Pierluigi,Taccola,pierluigi.taccola@gmx.de,-6446
Cilli,Watts,cilli.watts@yahoo.com,-68486
Emiliano,Wells,emiliano.wells@gmx.de,75715
April,Davids,april.davids@fisher.info,-9933
Dolores,Didier,dolores.didier@yahoo.com.au,-4897
Sylvia,Bonomo,sylvia.bonomo@poulain.com,-14535
Nelly,Marsh,nelly.marsh@hotmail.it,94266
Beth,Miniati,beth.miniati@hudson.net,2680
Renee,Merino,renee.merino@gmail.com,-8797
Hailey,Russell,hailey.russell@jourdan.org,134914
Raphaela,Gotthard,raphaela.gotthard@outlook.com,75070
Pomponio,Comencini,pomponio.comencini@hotmail.co.uk,71036
Leone,Richardson,leone.richardson@yahoo.com,-4942
Valentine,Acosta,valentine.acosta@peters.net,20691
Ricciotti,Laureano,ricciotti.laureano@parsons.com,-2670
Jacques,Heidrich,jacques.heidrich@zamudio-chapa.com,-11297
Anne,Snow,anne.snow@gmail.com,-112974
Sonia,Volta,sonia.volta@gmx.de,-54343
Dale,Leblanc,dale.leblanc@stewart.com,96
Alejandro,Cruz,alejandro.cruz@hotmail.com,74502
Elsa,Cugia,elsa.cugia@yahoo.com,134
Geronimo,Pechel,geronimo.pechel@hotmail.com,95578
Melania,Klemm,melania.klemm@seidel.com,-4908
Katherine,Cooley,katherine.cooley@yahoo.com,-7789
Guillermo,Larsen,guillermo.larsen@yahoo.com,-7267
Jill,Barrios,jill.barrios@gmail.com,-5960
Austin,Musatti,austin.musatti@tin.it,-2166
Jacinto,Rose,jacinto.rose@yahoo.com,-1021
Lucie,Redi,lucie.redi@googlemail.com,-138832
Tania,Chapman,tania.chapman@remy.com,-8091
Alexandria,Best,alexandria.best@yahoo.co.uk,8631
Edward,Scott,edward.scott@yahoo.com,-1407
Jake,Wiley,jake.wiley@outlook.com,27307
Claudio,Reuter,claudio.reuter@morgan-collins.org.au,-99266
Laure,Traetta,laure.traetta@kay-perkins.co.uk,5176
Magarete,Valentin,magarete.valentin@yahoo.com,-8065
Paige,Hill,paige.hill@jones.org.au,-62288
Fulvio,Curiel,fulvio.curiel@reynolds.com,-27605
Thibaut,Camarillo,thibaut.camarillo@hotmail.com,-64164
Romana,Blanchard,romana.blanchard@googlemail.com,205
Thibault,Savorgnan,thibault.savorgnan@butler.biz,4104
Alexander,Pausini,alexander.pausini@gonzalez.info,-796
Pierangelo,Scholtz,pierangelo.scholtz@lefevre.com,-7267
Emmanuelle,Keller,emmanuelle.keller@morton-clarke.com,30879
Isabella,Deleon,isabella.deleon@web.de,3402
Timothy,Weitzel,timothy.weitzel@gmail.com,6654
Alfredo,Ingram,alfredo.ingram@hotmail.com,80332
Francesca,Kade,francesca.kade@luna-rael.org,-69
Tonia,Coleman,tonia.coleman@hotmail.com,-105778
Gottfried,Barbe,gottfried.barbe@hotmail.com,2159
Jeffrey,Trommler,jeffrey.trommler@yahoo.com,4169
Giacobbe,Owens,giacobbe.owens@huet.fr,-42034
Conchita,Pagliaro,conchita.pagliaro@googlemail.com,-16855
Kevin,Delahaye,kevin.delahaye@ellis-wilson.com,-4165
Rouven,Ovadia,rouven.ovadia@gmail.com,-5954
Piermaria,Laporte,piermaria.laporte@wesack.com,2548
Karolin,Johann,karolin.johann@hotmail.com,33083
Steven,Folliero,steven.folliero@noos.fr,2787
Livio,Rosselli,livio.rosselli@green.co.uk,1276
Gaetano,Leonardi,gaetano.leonardi@despacho.com,-5626
Cynthia,Robinson,cynthia.robinson@gilles.net,136557
Eleni,Aponte,eleni.aponte@club-internet.fr,-66688
Noelia,Romo,noelia.romo@yahoo.com,146133
Evelyn,Haynes,evelyn.haynes@clark.info,-76295
Katharine,Zaccagnini,katharine.zaccagnini@hotmail.com,25
Lea,Merle,lea.merle@stey.de,-74979
Marta,Huynh,marta.huynh@hernandez.info,-67368
Amador,Riley,amador.riley@hotmail.com,135188
Julie,Coles,julie.coles@hotmail.fr,95
Beverley,Telesio,beverley.telesio@regnier.fr,-6718
Corinne,Mitschke,corinne.mitschke@hauffer.net,-20076
Valerie,Ortega,valerie.ortega@tele2.it,-1042
Carlos,Delle,carlos.delle@hicks.com,-62738
Christina,Besnard,christina.besnard@delorme.com,-2878
Rosario,Jacques,rosario.jacques@yahoo.com,-3005
Celal,Fischer,celal.fischer@aol.de,-43067
Leonardo,Guzman,leonardo.guzman@andreozzi-abba.com,-7175
Clinton,Mason,clinton.mason@yahoo.com,-2042
Loretta,Mallet,loretta.mallet@sansoni-toscani.it,-136556
Lorenzo,Roero,lorenzo.roero@hotmail.co.uk,7064
Lando,Gutierrez,lando.gutierrez@heser.com,-2445
Elaine,Patterson,elaine.patterson@rose-morris.org,-814
Marcella,Govoni,marcella.govoni@barkholz.net,-14705
Ettore,Amaldi,ettore.amaldi@germain.com,-5988
Rufino,Gallegos,rufino.gallegos@webster-newton.co.uk,-5729
Georges,Richards,georges.richards@macdonald.com,-2096
Janice,Infantino,janice.infantino@hotmail.com,101563
Svetlana,Montanariello,svetlana.montanariello@putz.de,140143
Agnolo,Cedillo,agnolo.cedillo@laboratorios.biz,-7225
Hannah,Jockel,hannah.jockel@ceravolo-tonisto.eu,-133069
Yvonne,Stout,yvonne.stout@sims.edu,183084
Anouk,Pace,anouk.pace@gmail.com,-56506
Esteban,Valdez,esteban.valdez@hotmail.com,-9149
Angelina,Davies,angelina.davies@hotmail.com,1697
Anastasie,Cadena,anastasie.cadena@live.com,-6805
Hansjoachim,Lettiere,hansjoachim.lettiere@hall-mcdaniel.net,-9508
Yeni,Tejada,yeni.tejada@olson.edu.au,-984
Dulce,Adinolfi,dulce.adinolfi@hotmail.com,30424
Sean,Mielcarek,sean.mielcarek@gmail.com,3527
Omar,Fonseca,omar.fonseca@grupo.org,-124556
Henry,Gucci,henry.gucci@leleu.fr,41198
Samira,Bottaro,samira.bottaro@vasseur.fr,1131
Korinna,Arnold,korinna.arnold@zapata-saenz.biz,25376
Marcela,Ferrante,marcela.ferrante@gmx.de,-19590
Douglas,Amaya,douglas.amaya@favata-brenna.net,70109
Katherina,Barrientos,katherina.barrientos@trobbiani.eu,1750
Brittany,Tran,brittany.tran@tele2.it,72282
Caroline,Reeves,caroline.reeves@yahoo.com,3768
Joe,Michaud,joe.michaud@yahoo.fr,100031
Marco,Vittadello,marco.vittadello@gmail.com,-1877
Kim,Webb,kim.webb@yahoo.com.au,-4182
Eugenia,Zichichi,eugenia.zichichi@yahoo.com,-18086
Aurore,Rosemann,aurore.rosemann@leoncavallo-rusticucci.com,87416
Giustino,Luzi,giustino.luzi@rolland.fr,13617
Anita,Galindo,anita.galindo@gmail.com,11252
Gunhild,Carrillo,gunhild.carrillo@elliott-gilbert.org,2637
Rosa,Paul,rosa.paul@bien.com,36426
Marliese,Oneal,marliese.oneal@gmail.com,62697
Bethany,Hartmann,bethany.hartmann@yahoo.com,98
Irina,Martineau,irina.martineau@gmail.com,22661
Beatriz,Moulin,beatriz.moulin@pinto.com,-2684
Lucas,Austin,lucas.austin@gmail.com,-13433
Carole,Nohlmans,carole.nohlmans@yahoo.com,-142936
Bozena,Schmitt,bozena.schmitt@vallet.com,-6312
Aimee,Foconi,aimee.foconi@outlook.com,68521
Marzena,Carrero,marzena.carrero@roskoth.de,9176
Raisa,Poulain,raisa.poulain@fastwebnet.it,21006
Marcantonio,Bennett,marcantonio.bennett@hopkins.com.au,63690
Kenneth,Hurst,kenneth.hurst@meunier.net,1662
Marisela,Mende,marisela.mende@godoy-enriquez.com,48928
Blanka,Villareal,blanka.villareal@monduzzi.net,194
Tomislav,Stoppani,tomislav.stoppani@corporacin.org,2276
Krystal,Ammaniti,krystal.ammaniti@barbier.fr,52829
Deanna,Aporti,deanna.aporti@bouygtel.fr,-7119
Donatella,Burns,donatella.burns@yahoo.de,1115
Margrit,Hooper,margrit.hooper@douglas.com,-5255
Baccio,Marcacci,baccio.marcacci@laposte.net,21907
Alfio,Roman,alfio.roman@hotmail.co.uk,-126220
Soledad,Soto,soledad.soto@hotmail.de,-59755
Josh,Cimarosa,josh.cimarosa@hotmail.com,-21527
Nath,Rico,nath.rico@yahoo.com,87211
Gary,Armani,gary.armani@web.de,3155
Miriam,Oquendo,miriam.oquendo@smith-watson.biz,113450
Monica,Mohaupt,monica.mohaupt@live.com,-2229
Alec,Ho,alec.ho@parra-esparza.com,-55914
Harry,Fouquet,harry.fouquet@ibarra-cooper.com,868
Arcelia,Babati,arcelia.babati@orange.fr,81621
Trinidad,Vespa,trinidad.vespa@gmail.com,-13111
Colette,Ryan,colette.ryan@hotmail.com,3778
Richard,Andre,richard.andre@porras.org,25063
Ellinor,Leclercq,ellinor.leclercq@gmail.com,-2709
Patricio,Guillon,patricio.guillon@web.de,-5944
Kirsten,Chindamo,kirsten.chindamo@carrillo-wall.com,-6200
Leo,Petruzzi,leo.petruzzi@yahoo.com,45499
Margot,Tomaselli,margot.tomaselli@junck.org,-6881
Ansaldo,Marks,ansaldo.marks@patel-odonnell.com,-12480
Regina,Morin,regina.morin@barcaccia.net,-9549
Karla,Medici,karla.medici@yahoo.com,-48
Morgan,Irizarry,morgan.irizarry@williams-harris.biz,-4558
Natividad,Wong,natividad.wong@hoevel.com,-2119
Anna,Freeman,anna.freeman@snyder.net,562
Emilia,Vivaldi,emilia.vivaldi@garnier.fr,65004
Gerda,Cook,gerda.cook@tin.it,1444
Andrey,Faure,andrey.faure@frederick-mitchell.info,-3122
Charlotte,Duke,charlotte.duke@ochoa.org,67212
Cindy,Castillo,cindy.castillo@virgilio.it,-68060
Hiltrud,Thibault,hiltrud.thibault@barbe.com,-145957
Kasimir,Jaime,kasimir.jaime@gmail.com,1155
Sabine,Lachmann,sabine.lachmann@phillips.org,97
Andrea,Arroyo,andrea.arroyo@yahoo.com.au,-39014
Matthew,Velasquez,matthew.velasquez@gmail.com,3990
Severino,Linares,severino.linares@angeli.com,-134328
Swantje,Lomeli,swantje.lomeli@gmx.de,-1982
Marcus,Espino,marcus.espino@comolli.eu,1652
Allen,Gates,allen.gates@gmail.com,-30186
Mauricio,Saunders,mauricio.saunders@hotmail.co.uk,-4279
Gilbert,Cornejo,gilbert.cornejo@hotmail.com,-10320
Letizia,Gulotta,letizia.gulotta@howard.biz,-4154
Etta,Gutknecht,etta.gutknecht@leconte.net,-2058
Shelley,Perry,shelley.perry@gierschner.de,4940
Geoffrey,Williams,geoffrey.williams@poste.it,-13925
Cory,Stewart,cory.stewart@voila.fr,-4274
Kristy,Bartlett,kristy.bartlett@outlook.com,-143536
Gianluca,Beck,gianluca.beck@green.biz,89130
Guido,Krein,guido.krein@gmail.com,-8353
Leif,Monnier,leif.monnier@querini.it,-8268
Jonas,Badoer,jonas.badoer@kennedy.biz,-17
Devin,Ebert,devin.ebert@yahoo.fr,-3657
Slobodan,Camiscione,slobodan.camiscione@hotmail.com,5473
Volkmar,Gauthier,volkmar.gauthier@hotmail.com,118171
Jordan,Rowe,jordan.rowe@outlook.com,-27406
Manon,Daugherty,manon.daugherty@segre.com,-8350
Estela,Segovia,estela.segovia@vodafone.it,-2861
Giada,Celentano,giada.celentano@evans.net,95831
Clayton,Salcedo,clayton.salcedo@hotmail.co.uk,6073
Raven,Pinto,raven.pinto@hotmail.com,-5785
Lewis,Lewis,lewis.lewis@pisano.net,3465
Rochus,Rousseau,rochus.rousseau@nguyen.com,-4797
Belinda,Gamez,belinda.gamez@leleu.com,-90047
Angelo,Lozano,angelo.lozano@macias.com,780
Jorge,Monti,jorge.monti@clement.fr,9378
Ricky,Harrell,ricky.harrell@martin.edu,-67467
Adriano,Wulf,adriano.wulf@schmidtke.net,-9204
Pompeo,Bourdon,pompeo.bourdon@gmail.com,-94304
Kristie,Garrett,kristie.garrett@wernecke.com,5167
Lodovico,Conley,lodovico.conley@yahoo.com,-1328
Jean,Berthelot,jean.berthelot@oscuro.it,73143
Tadeusz,Medina,tadeusz.medina@jackson-clark.net,3900
Ruby,Carriera,ruby.carriera@hotmail.it,3708
Theres,Antonioni,theres.antonioni@hotmail.com,-12950
Gloria,Morton,gloria.morton@outlook.com,-12313
Graziano,Jensen,graziano.jensen@gmail.com,3396
Gianpaolo,Massey,gianpaolo.massey@bouvier.com,-12240
Alain,Farmer,alain.farmer@hotmail.it,4809
Renato,Murillo,renato.murillo@club.com,-62780
Edda,Ferraris,edda.ferraris@libero.it,-6314
Luce,Marty,luce.marty@waehner.org,126763
Rotraud,Mitchell,rotraud.mitchell@laboratorios.com,-4927
Israel,Watkins,israel.watkins@hotmail.com,99
Nathan,Jennings,nathan.jennings@kim.com,-4763
Gavin,Proietti,gavin.proietti@gmx.de,438
Emma,Rios,emma.rios@yahoo.com.au,-7365
Todd,Douglas,todd.douglas@web.de,-48203
Oscar,Holsten,oscar.holsten@yahoo.com,-2996
Ann,Peron,ann.peron@grupo.biz,-8737
Senta,Grassi,senta.grassi@hotmail.com,-4296
Kata,Mena,kata.mena@gmail.com,-137405
Gianfranco,Hethur,gianfranco.hethur@stewart-lee.com.au,52885
Florentine,Saraceno,florentine.saraceno@gmail.com,31708
Giuliano,Bolzmann,giuliano.bolzmann@pacillo.it,-12220
Alwine,Kostolzin,alwine.kostolzin@holloway.com,-2704
Giacinto,Briggs,giacinto.briggs@yahoo.co.uk,-738
Holly,Negrete,holly.negrete@hotmail.com,-6910
Mark,Trapanese,mark.trapanese@gmail.com,-4225
Alyssa,Brun,alyssa.brun@chittolini-spadafora.it,30147
Cristina,Chevalier,cristina.chevalier@proyectos.com,41828
Shannon,Lefevre,shannon.lefevre@gmail.com,-6288
Logan,Hornich,logan.hornich@tin.it,16494
Rosalia,Toro,rosalia.toro@free.fr,-7342
Reiner,Poerio,reiner.poerio@yahoo.com,2831
Valentina,Pages,valentina.pages@hotmail.de,-19986
Enrico,Fabre,enrico.fabre@gmail.com,-48085
Sevim,Begue,sevim.begue@yahoo.com.au,-1775
Sonja,Patberg,sonja.patberg@hotmail.com,8432
Christine,Hiller,christine.hiller@yahoo.com,38177
Maik,Beasley,maik.beasley@harper-brooks.biz,47813
Elliot,Santana,elliot.santana@gmx.de,-8943
Eloy,Renzi,eloy.renzi@gmail.com,21407
Wolf,Lutz,wolf.lutz@nichols-jackson.com.au,-321
Giuseppe,Lee,giuseppe.lee@mahe.org,4286
Angelica,Cuellar,angelica.cuellar@zaguri-bellucci.net,-5881
Bekir,Normand,bekir.normand@yahoo.de,-3051
Carmine,Gonzales,carmine.gonzales@schleich.net,-13635
Marianne,Hubert,marianne.hubert@hotmail.com,-6239
Gonzalo,Montes,gonzalo.montes@hotmail.com,-9446
Shelly,Guichard,shelly.guichard@gmail.com,206
Tobias,Carbajal,tobias.carbajal@live.com,426
Santiago,Berry,santiago.berry@aol.de,5649
Emilio,Davenport,emilio.davenport@zamora-russo.net,129126
Maurizio,Gute,maurizio.gute@knight.info,1560
Nadia,Travaglio,nadia.travaglio@colletti-broggini.com,1320
Elisa,Barkholz,elisa.barkholz@sfr.fr,-11945
Cristal,Mazzini,cristal.mazzini@gmail.com,-1676
Trevor,Granados,trevor.granados@gmail.com,6078
Matthieu,Mcdonald,matthieu.mcdonald@morrison.org,3525
Juliette,Preston,juliette.preston@gmail.com,-732
Stanislaw,Montalvo,stanislaw.montalvo@mcpherson-hughes.info,-3008
Lilia,Lollobrigida,lilia.lollobrigida@le.com,10978
Brigitta,Shaw,brigitta.shaw@hotmail.co.uk,99
Rebeca,Frey,rebeca.frey@gerard.fr,-2367
Nicolas,Palacios,nicolas.palacios@meraz.com,-6016
Susanna,Bonneau,susanna.bonneau@klingelhoefer.de,-427
Romina,Valentine,romina.valentine@hotmail.com,-4387
Erika,Toussaint,erika.toussaint@sfr.fr,4768
Lothar,Laurent,lothar.laurent@garcia.com.au,-7562
Chelsea,Verdugo,chelsea.verdugo@campbell.com,-1148
Ria,Venier,ria.venier@murillo-estevez.com,3617
Carly,Summers,carly.summers@yahoo.co.uk,52264
Pasquale,Tomasini,pasquale.tomasini@hotmail.co.uk,-5960
Stefani,Ughi,stefani.ughi@hotmail.it,21180
Jose,Huang,jose.huang@gmx.de,-74940
Petros,Gaona,petros.gaona@googlemail.com,-4461
Maximilian,Siering,maximilian.siering@gaito-fornaciari.org,250
Ermenegildo,Holzapfel,ermenegildo.holzapfel@aol.de,-2721
Damien,Leger,damien.leger@dixon.biz,-11850
Zeferino,Barrera,zeferino.barrera@zedillo-velazquez.com,-137892
Alfred,Pohl,alfred.pohl@fechner.net,-6964
Marissa,Gaito,marissa.gaito@reed-campbell.edu,4391
Ariana,Houston,ariana.houston@hotmail.it,-10509
Victor,Jacobs,victor.jacobs@young.com,-9373
Henriette,Lang,henriette.lang@mimun.it,-134982
Wilfriede,Baca,wilfriede.baca@caraballo.com,-10540
Lucia,Riviere,lucia.riviere@samaniego.biz,-22516
Gordon,Vigorelli,gordon.vigorelli@solano.com,-10350
Diethard,Salgado,diethard.salgado@gmail.com,-9997
Sue,Corrales,sue.corrales@cardenas-serna.org,-3834
Arthur,Salazar,arthur.salazar@yahoo.com.au,2201
Fortunata,Schneider,fortunata.schneider@tiscali.it,4671
Gretchen,Serna,gretchen.serna@pichon.org,120176
Egon,Caron,egon.caron@hotmail.com,-8717
Roberta,Finzi,roberta.finzi@knight-davies.co.uk,-92956
Editha,Savage,editha.savage@davies.co.uk,-3923
Allan,Emanuelli,allan.emanuelli@fernandes.org,-3928
Laurence,Lucero,laurence.lucero@martin.org,8845
Istvan,Draghi,istvan.draghi@ifrance.com,2014
Luigi,Bonnet,luigi.bonnet@carriera-federico.it,-133260
Yuridia,Fantozzi,yuridia.fantozzi@mcdonald.com,-2490
Eraldo,Schmiedt,eraldo.schmiedt@hotmail.de,-6944
Antoinette,Cox,antoinette.cox@bustamante.com,-283
Cameron,Ocampo,cameron.ocampo@hotmail.com.au,-3891
Lynn,Lawson,lynn.lawson@leclercq.com,-6947
Natalia,Seifert,natalia.seifert@ifrance.com,6097
Nuray,Anguillara,nuray.anguillara@yahoo.co.uk,53
Beate,Morgan,beate.morgan@gmail.com,-68187
Mario,Rees,mario.rees@gmx.de,-4085
Galasso,Junken,galasso.junken@yahoo.co.uk,-6474
Luca,Moses,luca.moses@franke.de,-7631
Aurelio,Gertz,aurelio.gertz@hewitt.net,-2217
Uberto,Steele,uberto.steele@outlook.com,99
Annie,Hunter,annie.hunter@allen.co.uk,-6468
Jo,Mccarty,jo.mccarty@hotmail.com,2395
Eitel,Lombard,eitel.lombard@thomas.net,-94402
Susan,Vigliotti,susan.vigliotti@yahoo.co.uk,-23309
Jacqueline,Germano,jacqueline.germano@valette.fr,-556
Fidel,Ruppert,fidel.ruppert@yahoo.co.uk,-6158
Margaret,Eigenwillig,margaret.eigenwillig@yahoo.com,-2113
Yvette,Harding,yvette.harding@yahoo.co.uk,1222
Federigo,Karge,federigo.karge@bohlander.com,4706
Guenther,Armenta,guenther.armenta@free.fr,-3033
Coriolano,Higgins,coriolano.higgins@murphy.org.au,-517
Felix,Rubio,felix.rubio@ebert.de,-3060
Melanie,Leveque,melanie.leveque@fleury.net,-4015
Abbie,Galeati,abbie.galeati@ubaldi.it,-10377
Vittorio,Caccioppoli,vittorio.caccioppoli@yahoo.com,-69515
Biagio,Valenzuela,biagio.valenzuela@robinson.info,103755
Dario,Green,dario.green@live.com,-2997
Alwina,Textor,alwina.textor@poste.it,-5939
Diether,Baeza,diether.baeza@grupo.biz,123524
Sole,Trevino,sole.trevino@hotmail.com,780
Darren,Bernardi,darren.bernardi@brooks-martin.com,-123412
Martina,Heser,martina.heser@morellato.it,-3292
Bethan,Giacometti,bethan.giacometti@gmail.com,-37168
Ethan,Duhamel,ethan.duhamel@sfr.fr,-99268
Corrado,Warren,corrado.warren@hotmail.com.au,2435
Damian,Pulido,damian.pulido@yahoo.de,6189
Dino,Osborne,dino.osborne@despacho.com,36972
Nicolaus,Bernetti,nicolaus.bernetti@aol.de,1688
Gianna,Carroll,gianna.carroll@perez.com,-4438
Grit,Knight,grit.knight@web.de,-108601
Erin,Weinhold,erin.weinhold@hotmail.fr,49635
Craig,Jordan,craig.jordan@gmail.com,-2160
Homero,Respighi,homero.respighi@gmail.com,-4689
Fanny,Pertile,fanny.pertile@gmail.com,61426
Fridolin,Comboni,fridolin.comboni@graf.com,-329
Hugh,Cantu,hugh.cantu@libero.it,22855
Alphons,Simmons,alphons.simmons@hotmail.com,5511
Ludovico,Cafarchia,ludovico.cafarchia@gmail.com,-6374
Nico,Kaiser,nico.kaiser@almonte.com,-3908
Kirsty,Lamy,kirsty.lamy@alonzi.it,-21449
Joshua,Scheibe,joshua.scheibe@turci.org,-4758
Carin,Pineau,carin.pineau@yahoo.com,-7835
Ellie,Galarza,ellie.galarza@pareto-cattaneo.net,-2370
Marion,Lira,marion.lira@ifrance.com,-1508
Aurelia,Angiolello,aurelia.angiolello@lord.com,148692
Maura,Ravaglioli,maura.ravaglioli@yahoo.com,-133538
Brunhilde,Fletcher,brunhilde.fletcher@schomber.de,6363
Ottfried,Marques,ottfried.marques@tyler-watson.info,85109
Christelle,Blasi,christelle.blasi@morris-chan.com,-9520
Augusto,Vercelloni,augusto.vercelloni@club-internet.fr,98
Michela,Pruvost,michela.pruvost@holt.co.uk,-3146
Guarino,Escalante,guarino.escalante@hotmail.com,-2134
Gabriela,Padilla,gabriela.padilla@pearson-russell.com,40291
Agathe,Dias,agathe.dias@jackson.com,5705
Werner,Kallert,werner.kallert@gmail.com,-5055
Lore,Delaunay,lore.delaunay@yahoo.com,-3464
Enzio,Campos,enzio.campos@tim.it,7257
Walther,Duarte,walther.duarte@web.de,-83750
Adelgunde,Trevisan,adelgunde.trevisan@gmail.com,-6821
Thierry,Schwartz,thierry.schwartz@travaglio.net,124285
Katie,Andersen,katie.andersen@haney.com.au,-5739
Kathy,Zamorani,kathy.zamorani@hotmail.com,-12510
Giuseppina,Tanguy,giuseppina.tanguy@wanadoo.fr,34664
Jack,Klapp,jack.klapp@hotmail.com.au,2724
Tom,Leconte,tom.leconte@woods-johnson.com,-70036
Bonnie,Cignaroli,bonnie.cignaroli@yahoo.com,2357
Danny,Farrell,danny.farrell@hotmail.com,1503
Fiorenzo,Bauer,fiorenzo.bauer@gmail.com,-5221
Randy,Alfieri,randy.alfieri@verri.org,14685
Tim,Bradley,tim.bradley@schlosser.de,-4376
Yves,Mendez,yves.mendez@gmail.com,159190
Raffaella,Esquivel,raffaella.esquivel@gmail.com,-39040
Lawrence,Vasari,lawrence.vasari@castillo.edu,-2344
Sam,Adams,sam.adams@yahoo.com,-152892
Mirco,Nicolini,mirco.nicolini@blin.net,-3722
Graham,Bajardi,graham.bajardi@yahoo.com,7123
Luc,Quinn,luc.quinn@walker.com,3899
Stella,Ullrich,stella.ullrich@hotmail.com.au,-28986
Calcedonio,Remy,calcedonio.remy@edwards-benton.com,-6452
Nanni,Almaraz,nanni.almaraz@martin.com,-430
Pascual,Corradi,pascual.corradi@lopez.net.au,2171
Kristi,Grant,kristi.grant@yahoo.co.uk,-2583
Manuel,Gracia,manuel.gracia@trussardi.eu,-102015
Gionata,Hussain,gionata.hussain@yahoo.com,-5080
Maria,Nguyen,maria.nguyen@hernadez.com,-3912
Leon,Baker,leon.baker@hotmail.com,101510
Gianmarco,Alcaraz,gianmarco.alcaraz@zacchia.net,86109
Derrick,Little,derrick.little@small.org,-893
Terry,Ramirez,terry.ramirez@hotmail.co.uk,3961
Katarina,Clarke,katarina.clarke@hotmail.com.au,3739
Leila,Washington,leila.washington@gmail.com,37385
Mirko,Townsend,mirko.townsend@schmitt.com,3395
Randall,Connolly,randall.connolly@jovinelli-castelli.com,-4469
Pia,Burgess,pia.burgess@proyectos.org,1858
Justine,Mancini,justine.mancini@tiscali.it,116195
Reynaldo,Wagenknecht,reynaldo.wagenknecht@faure.com,138462
Toni,Magrassi,toni.magrassi@gmail.com,2639
Patrizio,Cisneros,patrizio.cisneros@martinez.edu.au,3482
Durante,Lindner,durante.lindner@picard.fr,-3620
Rosl,Lamborghini,rosl.lamborghini@hiller.net,95
Ugo,Harrison,ugo.harrison@morley-chapman.co.uk,-144556
Isidor,Carpenter,isidor.carpenter@chauvin.com,43513
Marie,Zoppetto,marie.zoppetto@kallert.de,1320
Branko,Chambers,branko.chambers@ifrance.com,-113784
Alan,Pineda,alan.pineda@proyectos.info,-7063
Carmen,Oestrovsky,carmen.oestrovsky@gmail.com,151902
Shane,Fernandez,shane.fernandez@hotmail.de,-2634
Debbie,Guilbert,debbie.guilbert@berg.edu,-6981
Vito,Dossi,vito.dossi@hotmail.co.uk,138369
Evan,Schacht,evan.schacht@price.com,822
Mandy,Weston,mandy.weston@free.fr,-1100
Paulo,Zito,paulo.zito@nelson.biz,-7057
Alberto,Girschner,alberto.girschner@laboratorios.com,903
Giacomo,Bouvet,giacomo.bouvet@gmail.com,-9464
Ehrentraud,Puga,ehrentraud.puga@laboratorios.com,-6301
Cristian,Hale,cristian.hale@hotmail.co.uk,-11768
Lilija,Charles,lilija.charles@gmail.com,-32738
Albert,Legendre,albert.legendre@lee.com,-5717
Marisa,Renaud,marisa.renaud@smith.org,-650
Sharon,Diallo,sharon.diallo@gmail.com,37241
Eduardo,Delattre,eduardo.delattre@lynch.net.au,3686
Bernadette,Wang,bernadette.wang@gmail.com,-54824
Dina,Gibbons,dina.gibbons@brewer.net,94924
Clara,Armstrong,clara.armstrong@vodafone.it,-2191
Elliott,Herrmann,elliott.herrmann@hotmail.com.au,-2966
Graziella,Vidal,graziella.vidal@hotmail.com,-8886
Francisca,Becerra,francisca.becerra@young.com.au,1823
Edeltrud,Boyer,edeltrud.boyer@outlook.com,-7641
Julian,Noble,julian.noble@hill.org.au,-26044
Christophe,Bohnbach,christophe.bohnbach@ifrance.com,116570
Ippazio,Angulo,ippazio.angulo@yahoo.com,-5241
Grace,Kroker,grace.kroker@hotmail.com,1085
Jared,Ferguson,jared.ferguson@roberts.com,-59304
Virginie,McLean,virginie.mclean@yahoo.com,-3410
Mason,Potter,mason.potter@gmail.com,56077
Aaron,Anaya,aaron.anaya@hotmail.com.au,4656
Leah,Ornelas,leah.ornelas@gmail.com,-7241
Harald,Roy,harald.roy@web.de,4501
Micaela,Martel,micaela.martel@hotmail.com,-9590
Vincentio,Sanders,vincentio.sanders@voila.fr,961
Bettina,Norbiato,bettina.norbiato@allen-lutz.org,-1291
Julio,Renner,julio.renner@industrias.net,-10123
Jelena,Stiffel,jelena.stiffel@trupp.de,2192
Guadalupe,Munoz,guadalupe.munoz@murray-hamilton.com.au,67027
Whitney,Noack,whitney.noack@laboratorios.org,-55916
Gelsomina,Migliaccio,gelsomina.migliaccio@junk.com,1786
Evangelista,Pereira,evangelista.pereira@thompson-peterson.biz,2997
Gareth,Comolli,gareth.comolli@tiscali.fr,28777
Michelangelo,Hess,michelangelo.hess@bouygtel.fr,48281