"first_name","last_name","email","remaining_goal_amount"
"Cecilia","Velasco","cecilia.velasco@rodrigues.fr",100.0
"Mariana","Ellis","mariana.ellis@rossi.org",-13160.0
"Sofie","Woods","sofie.woods@riviere.com",-34123.0
"Jeanette","Iannotti","jeanette.iannotti@yahoo.com",1723.0
"Samuel","Sorgatz","samuel.sorgatz@gmail.com",2335.0
"Socorro","Luna","socorro.luna@hotmail.com",-5595.0
"Carolina","Murray","carolina.murray@knight.com",4110.0
"Kayla","Moon","kayla.moon@yahoo.de",-10241.0
"Ariadna","Geisel","ariadna.geisel@rangel.com",88154.0
"Danielle","Ladeck","danielle.ladeck@scalfaro.net",2992.0
"Tatiana","Thompson","tatiana.thompson@hunt.net",-8638.0
"Caleb","Benavides","caleb.benavides@rubio.com",3270.0
"Sandra","Hardy","sandra.hardy@web.de",671.0
"Lotti","Morris","lotti.morris@yahoo.co.uk",-6095.0
"Reinhilde","White","reinhilde.white@voila.fr",9371.0
"Kerry","Patel","kerry.patel@hutchinson.com",42786.0
"Sophie","Antoine","sophie.antoine@andersen.com",-9341.0
"Martha","Girard","martha.girard@web.de",-50245.0
"Stephanie","King","stephanie.king@cervantes.com",3011.0
"Amanda","Palmer","amanda.palmer@didier.fr",32169.0
"Lina","Alcala","lina.alcala@vespa.net",-16136.0
"Itzel","Murphy","itzel.murphy@muelichen.de",55467.0
"Filippo","Parry","filippo.parry@live.com",-16590.0
"Katelyn","Cole","katelyn.cole@fiebig.com",-10442.0
"Brian","Novak","brian.novak@ford.net",-11857.0
"Cilly","Gay","cilly.gay@callegaro.it",-6404.0
"Yolanda","Snyder","yolanda.snyder@gmx.de",55686.0
"Evelin","Odonnell","evelin.odonnell@ibarra.net",401.0
"Ingeborg","Alba","ingeborg.alba@hotmail.com",-6835.0
"Marina","Madrid","marina.madrid@galarza-alba.com",-105065.0
"Sheila","Goodwin","sheila.goodwin@yahoo.com",-5455.0
"Valeria","Rich","valeria.rich@turchetta-mondadori.it",-7350.0
"Dustin","Camacho","dustin.camacho@rhodes.org.au",13324.0
"Amalia","Marenzio","amalia.marenzio@grupo.com",-139466.0
"Gian","Long","gian.long@hotmail.com",-4725.0
"Stewart","Hunt","stewart.hunt@anderson-vargas.biz",-63128.0
"Greca","Ruiz","greca.ruiz@carr.co.uk",-401.0
"Gerald","Olivera","gerald.olivera@outlook.com",-3239.0
"Jaqueline","Wallace","jaqueline.wallace@gmail.com",-6985.0
"John","Lane","john.lane@gregoire.fr",4873.0
"Pero","Joly","pero.joly@bernard.net",-6078.0
"Chad","Turner","chad.turner@gmail.com",-6324.0
"Adam","Zavala","adam.zavala@guichard.fr",-6191.0
"Tyler","Rivera","tyler.rivera@guajardo-ozuna.com",-77517.0
"Jens","Graham","jens.graham@jones-buckley.com",-8941.0
"Virginia","Caetani","virginia.caetani@sosa.biz",4970.0
"Martino","Wagner","martino.wagner@laposte.net",-547.0
"Martin","Meyer","martin.meyer@davis.co.uk",-5629.0
"Marguerite","Walls","marguerite.walls@martinez.fr",-95562.0
"Peter","Vogt","peter.vogt@yahoo.com",-6453.0
"Nicholas","Christian","nicholas.christian@hotmail.de",98.0
"Susi","Steinberg","susi.steinberg@preiss.com",12857.0
"Tammy","Ramazzotti","tammy.ramazzotti@gmail.com",4741.0
"Abdul","Thomas","abdul.thomas@vasari.com",-3556.0
"Justin","Luxardo","justin.luxardo@googlemail.com",608.0
"Antonio","Gibson","antonio.gibson@faust.net",-5146.0
"Jeremy","Gomez","jeremy.gomez@oconnor.org",-3493.0
"Raymond","Solorzano","raymond.solorzano@gmail.com",-3343.0
"Flora","Harris","flora.harris@hotmail.com.au",-3432.0
"Cheryl","Boyd","cheryl.boyd@segni.it",-2451.0
"Rhys","Leiva","rhys.leiva@gmx.de",-41797.0
"Mariano","Prieto","mariano.prieto@vodafone.it",14450.0
"Laurie","Fibonacci","laurie.fibonacci@gmail.com",-12452.0
"David","Rudolph","david.rudolph@nelson.com",4143.0
"Bryan","Ross","bryan.ross@yahoo.com",66.0
"Ubaldo","Brown","ubaldo.brown@philippe.com",-8305.0
"Clelia","Faulkner","clelia.faulkner@hotmail.com",1593.0
"Sara","Erickson","sara.erickson@yahoo.de",-45292.0
"Rupert","Valle","rupert.valle@filogamo.it",-8808.0
"Puccio","Kitzmann","puccio.kitzmann@yahoo.com",5999.0
"Thomas","Hutchinson","thomas.hutchinson@gmx.de",-30389.0
"Abelardo","Castro","abelardo.castro@gmail.com",-484.0
"Greco","Walker","greco.walker@yahoo.com",-3422.0
"Miranda","Lacombe","miranda.lacombe@longoria-vanegas.net",-7853.0
"Diana","Schuchhardt","diana.schuchhardt@libero.it",-876.0
"Stacey","Knox","stacey.knox@corporacin.com",-4906.0
"Glen","Faivre","glen.faivre@yahoo.com",26907.0
"Andrew","Torres","andrew.torres@ruiz-torres.org",5040.0
"Denny","Fritz","denny.fritz@despacho.biz",-9036.0
"Martyn","Caldera","martyn.caldera@hotmail.co.uk",17572.0
"Abigail","Foster","abigail.foster@taylor.net",-5912.0
"Anthony","Hauffer","anthony.hauffer@tlustek.org",-21057.0
"Roger","Gerlach","roger.gerlach@may-mitchell.co.uk",-13973.0
"Christopher","Poirier","christopher.poirier@hotmail.com",66404.0
"Branka","Traore","branka.traore@jacobi.com",-10164.0
"Briana","Etienne","briana.etienne@bishop-coates.com",-1530.0
"Brandon","Olson","brandon.olson@prince-moreno.net",-5005.0
"Celia","Ungaretti","celia.ungaretti@fox.com",75460.0
"Barbara","Guibert","barbara.guibert@casares-sanches.com",-7716.0
"Daniela","Bell","daniela.bell@vollbrecht.org",-5188.0
"Phyllis","Gurule","phyllis.gurule@rodriguez-pham.com",1668.0
"Alejandra","Joseph","alejandra.joseph@escalante-abrego.biz",79612.0
"Giulio","Bohlander","giulio.bohlander@dbmail.com",-31775.0
"Amber","Weller","amber.weller@toso.eu",42923.0
"Mary","Etzold","mary.etzold@conrad-harrison.com",-5907.0
"Amy","Georges","amy.georges@raedel.de",-117.0
"Jennifer","Giraud","jennifer.giraud@yahoo.com",-81813.0
"Rosie","Peltier","rosie.peltier@voila.fr",-10747.0
"Oreste","Ward","oreste.ward@proyectos.com",64849.0
"Luis","Edwards","luis.edwards@live.com",-7351.0
"Fiona","Griffiths","fiona.griffiths@curatoli-verdone.it",99.0
"Sally","Raya","sally.raya@tarchetti.it",-8293.0
"Carolyn","Charpentier","carolyn.charpentier@hotmail.de",-6722.0
"Nathalie","Alvarez","nathalie.alvarez@live.com",7539.0
"Abril","Lowery","abril.lowery@novak.net",-51423.0
"Ottone","Sullivan","ottone.sullivan@hussain-kaur.com",-3029.0
"Esmeralda","Sollima","esmeralda.sollima@visintini.it",-10106.0
"Silvia","Gierschner","silvia.gierschner@tele2.it",-3027.0
"Kyle","Cunningham","kyle.cunningham@voila.fr",-7429.0
"Anel","Carpentier","anel.carpentier@klein-joseph.org",2121.0
"Sarah","Davis","sarah.davis@david.com",121093.0
"Luke","Klein","luke.klein@hotmail.com",-12253.0
"Gudrun","Mueller","gudrun.mueller@dillon-fuller.info",-7935.0
"Melissa","Canali","melissa.canali@libero.it",-9137.0
"Gabrielle","Ayala","gabrielle.ayala@hotmail.com",-11916.0
"Laura","Buckley","laura.buckley@ryan.org",21318.0
"Wilfrido","Lorch","wilfrido.lorch@leclerc.fr",864.0
"Robert","Bruder","robert.bruder@manzoni.com",-3623.0
"Phillip","Soliz","phillip.soliz@outlook.com",-951.0
"Alex","Smith","alex.smith@fournier.fr",-5748.0
"Jessica","Martinez","jessica.martinez@salieri.com",-37172.0
"Kelly","Carter","kelly.carter@hotmail.com.au",-54061.0
"Ahmad","Sosa","ahmad.sosa@gmail.com",48745.0
"Toralf","Iglesias","toralf.iglesias@borrego.com",144608.0
"Irene","Anichini","irene.anichini@yahoo.com",-6962.0
"Alicia","Cainero","alicia.cainero@yahoo.com",-3175.0
"Tracey","Laboy","tracey.laboy@bell.biz",110583.0
"Donald","Reynaud","donald.reynaud@green.edu.au",50133.0
"Venancio","Stadelmann","venancio.stadelmann@gmx.de",28004.0
"Seth","Olivier","seth.olivier@yahoo.com",143744.0
"Dennis","Boaga","dennis.boaga@gmx.de",-5325.0
"Pedro","Wilson","pedro.wilson@outlook.com",-1416.0
"Roland","Weihmann","roland.weihmann@gmail.com",-534.0
"Hector","Morrison","hector.morrison@web.de",-9485.0
"Evangelos","Peters","evangelos.peters@sanchez.net",10212.0
"Gerardo","Hamilton","gerardo.hamilton@libero.it",2212.0
"Meta","Cuzzocrea","meta.cuzzocrea@howard-jensen.org",80079.0
"Alma","Raymond","alma.raymond@tin.it",-2912.0
"Kathleen","Solimena","kathleen.solimena@wallace.biz",384.0
"Zacharie","Cordier","zacharie.cordier@gmail.com",72854.0
"Riza","Techer","riza.techer@yahoo.com",-6774.0
"Enrique","Guillen","enrique.guillen@hotmail.co.uk",-1023.0
"Tristan","Weeks","tristan.weeks@pena.com",-6502.0
"Natalie","Lerma","natalie.lerma@boucher.com",-1922.0
"Rodney","Hamon","rodney.hamon@hotmail.com",-2619.0
"Adalberto","Lombardo","adalberto.lombardo@sfr.fr",-34128.0
"Florencia","Querini","florencia.querini@gmail.com",7282.0
"Liam","Rolland","liam.rolland@yahoo.fr",-1037.0
"Ian","Kelly","ian.kelly@reeves.com.au",-1955.0
"Mehdi","Todd","mehdi.todd@web.de",-7432.0
"Rembrandt","Liguori","rembrandt.liguori@davis.org",99.0
"Irmi","Schweitzer","irmi.schweitzer@ozuna.com",49163.0
"Gioffre","Stein","gioffre.stein@hotmail.com.au",-134073.0
"Frida","Villarreal","frida.villarreal@hotmail.de",13288.0
"Steffen","Mangold","steffen.mangold@paul.net",70650.0
"Elias","Marin","elias.marin@herve.net",48794.0
"Roman","Gonzalez","roman.gonzalez@anderson.net",9486.0
"Reina","Middleton","reina.middleton@hotmail.com",1988.0
"Sandro","Moran","sandro.moran@hotmail.de",-2540.0
"Gebhard","Thanel","gebhard.thanel@gmail.com",-22.0
"Antonino","Bolander","antonino.bolander@gmail.com",-4985.0
"Karl","Trevisani","karl.trevisani@anguissola.it",1200.0
"Silvester","Brookes","silvester.brookes@franco.org",-3034.0
"Octavio","Pratt","octavio.pratt@web.de",-5364.0
"Rebecca","Greer","rebecca.greer@hotmail.com",-255.0
"Pierina","Gaggini","pierina.gaggini@free.fr",-19879.0
"Robin","Schleich","robin.schleich@rogers-barrera.biz",-3639.0
"Sergio","Abbott","sergio.abbott@moore.net.au",-8204.0
"Gilberto","Evans","gilberto.evans@salcedo-archuleta.net",87993.0
"James","Elliott","james.elliott@gmail.com",-75511.0
"Timoteo","Bolnbach","timoteo.bolnbach@laboratorios.com",182572.0
"Tonino","Stanley","tonino.stanley@hotmail.com",4379.0
"Margaretha","Murialdo","margaretha.murialdo@meunier.com",137.0
"Bianca","Drubin","bianca.drubin@libero.it",-60935.0
"Kaylee","Hoffmann","kaylee.hoffmann@poulain.com",-4768.0
"Teresa","Vecellio","teresa.vecellio@yahoo.com",133741.0
"Emine","Tacchini","emine.tacchini@dbmail.com",28940.0
"Dawn","Cortez","dawn.cortez@gmail.com",-122793.0
"Emily","Cundari","emily.cundari@clark.com.au",273.0
"Eleanor","Hall","eleanor.hall@hotmail.com",-114685.0
"Monique","Delgadillo","monique.delgadillo@hotmail.co.uk",-116736.0
"Arnaude","Warner","arnaude.warner@gmail.com",3285.0
"Jason","Howell","jason.howell@gmx.de",-168650.0
"Nicole","Mccullough","nicole.mccullough@hall.com",1575.0
"Rosmarie","Esquibel","rosmarie.esquibel@bouygtel.fr",-6950.0
"Leonor","Ferreira","leonor.ferreira@gmail.com",282.0
"Brett","Jones","brett.jones@alice.it",60442.0
"Nino","Bien","nino.bien@gmail.com",-78184.0
"Jemma","Tate","jemma.tate@hotmail.de",5575.0
"Denis","Rogers","denis.rogers@poste.it",146296.0
"Vanesa","Khan","vanesa.khan@voila.fr",1162.0
"Victoria","Ojeda","victoria.ojeda@doehn.com",5212.0
"Eugenio","Martin","eugenio.martin@yahoo.de",34083.0
"Nancy","Hayes","nancy.hayes@hotmail.com",3588.0
"Lara","Jacob","lara.jacob@buckley.org",-1616.0
"Gino","Hernandez","gino.hernandez@covarrubias.com",-41357.0
"Vicente","Tijerina","vicente.tijerina@montanariello.com",3022.0
"Michele","Brambilla","michele.brambilla@yahoo.com",-108418.0
"Dana","Ritacca","dana.ritacca@gmail.com",57159.0
"Mitchell","Bachmann","mitchell.bachmann@suarez-cruz.com",832.0
"Vincenza","Key","vincenza.key@adams.com",98.0
"Salvador","Gaillard","salvador.gaillard@yahoo.de",-12205.0
"Diane","Rogner","diane.rogner@kelly.co.uk",1757.0
"Josette","Laine","josette.laine@saracino-parisi.net",-49513.0
"Courtney","Fiebig","courtney.fiebig@doerschner.com",72471.0
"Hugues","Oliver","hugues.oliver@stiffel.com",-4314.0
"Espartaco","Willis","espartaco.willis@hotmail.com",5504.0
"Flavia","Yoder","flavia.yoder@hotmail.de",-3257.0
"Casey","Flores","casey.flores@baggio.org",-2210.0
"Calogero","Cross","calogero.cross@mercantini.it",153288.0
"Charles","Begum","charles.begum@laboratorios.info",3062.0
"Adina","Pollard","adina.pollard@outlook.com",5300.0
"Natasha","Lara","natasha.lara@outlook.com",-4200.0
"Benita","Pottier","benita.pottier@sfr.fr",-83649.0
"Elizabeth","Valdivia","elizabeth.valdivia@gmail.com",-12924.0
"Mattia","Huet","mattia.huet@aol.de",150776.0
"Geza","Howard","geza.howard@voila.fr",-67021.0
"Lauren","Guillaume","lauren.guillaume@sorgatz.org",71489.0
"Joanna","Baxter","joanna.baxter@bruce-wright.com",-6609.0
"Tracy","Metz","tracy.metz@bryant.info",-96797.0
"Birgit","Pena","birgit.pena@armellini.it",7233.0
"Elvira","Papafava","elvira.papafava@ifrance.com",1670.0
"Ernest","Delorme","ernest.delorme@dowerg.de",-1823.0
"Christy","Grossi","christy.grossi@alarcon-tafoya.com",5403.0
"Hermelinda","Olmos","hermelinda.olmos@portillo.com",-140585.0
"Herbert","Fraser","herbert.fraser@holloway.org.au",-108598.0
"Giancarlo","Heydrich","giancarlo.heydrich@hotmail.com",-7999.0
"Constance","Maldonado","constance.maldonado@spiess.net",-41851.0
"Giampiero","Carlier","giampiero.carlier@hotmail.com",-27452.0
"Carlo","Jacquot","carlo.jacquot@hotmail.com",-80198.0
"Gabriel","Robles","gabriel.robles@yahoo.com",-7684.0
"Gerd","Gunpf","gerd.gunpf@gmail.com",1677.0
"Ashley","Hellwig","ashley.hellwig@libero.it",-2423.0
"Patrick","Rosas","patrick.rosas@yahoo.com",-2200.0
"Lilla","Leonard","lilla.leonard@jungfer.com",-681.0
"Tony","Nicolas","tony.nicolas@morrocco-seddio.net",5011.0
"Allegra","Benedetti","allegra.benedetti@miller.com",35177.0
"Camille","Tafuri","camille.tafuri@aol.de",-5522.0
"Juan","Wheeler","juan.wheeler@gilmore.net",-7738.0
"Leopoldo","Johnson","leopoldo.johnson@hotmail.com.au",73.0
"Dietmar","Grenier","dietmar.grenier@tele2.it",-93724.0
"Leonid","Scholl","leonid.scholl@collin.com",-3229.0
"Olivie","Contarini","olivie.contarini@marshall-wright.biz",-2329.0
"Jeffery","Lacroix","jeffery.lacroix@medina.org",-7940.0
"Edeltraud","Chavez","edeltraud.chavez@hotmail.com.au",-3288.0
"Mesut","Morvan","mesut.morvan@gmail.com",-11871.0
"Gregory","Jackson","gregory.jackson@ortiz.com",-10149.0
"Nicola","Rossi","nicola.rossi@berry.org",-164858.0
"Eddie","Collazo","eddie.collazo@gmail.com",-6903.0
"Philippe","Gardner","philippe.gardner@howells-jones.net",-106595.0
"Roy","Fox","roy.fox@tejeda.com",97.0
"Heiderose","Garcia","heiderose.garcia@noos.fr",3260.0
"Claudine","Rowley","claudine.rowley@industrias.com",-5263.0
"Astrid","Roht","astrid.roht@fastwebnet.it",13339.0
"Auguste","Burnett","auguste.burnett@yahoo.fr",-3905.0
"Pellegrino","Allen","pellegrino.allen@gmail.com",-16235.0
"Angela","Bowers","angela.bowers@laboratorios.com",3141.0
"Michael","Descamps","michael.descamps@gmail.com",-2622.0
"Heidelore","Kennedy","heidelore.kennedy@guinizzelli.org",-8424.0
"Lucrezia","Koch","lucrezia.koch@petit.com",-8955.0
"Ivan","Accardo","ivan.accardo@web.de",-3635.0
"Karen","Avogadro","karen.avogadro@yahoo.com",57997.0
"Laetitia","Gallet","laetitia.gallet@aubry.org",-3628.0
"Amico","Gosselin","amico.gosselin@shaw.info",-7856.0
"Ilaria","Bowen","ilaria.bowen@hotmail.it",-119775.0
"Marlen","Coardi","marlen.coardi@colletti.eu",-1131.0
"Rafael","Alexander","rafael.alexander@jenkins.com",25998.0
"Herma","Gabbana","herma.gabbana@hotmail.com",-82310.0
"Zachary","Vespucci","zachary.vespucci@industrias.com",-1208.0
"Marisol","Richard","marisol.richard@gmail.com",-5342.0
"Joseph","Glover","joseph.glover@laposte.net",126640.0
"Lauretta","Neal","lauretta.neal@hotmail.de",151747.0
"Simone","Sauvage","simone.sauvage@yahoo.com",-104249.0
"Ramona","Brooks","ramona.brooks@kensy.de",-2904.0
"Gioele","Schwital","gioele.schwital@moody.com",1627.0
"Elena","Jimenez","elena.jimenez@yahoo.com.au",-5519.0
"Pam","Vargas","pam.vargas@guillot.net",176.0
"Alison","Morales","alison.morales@lewis.com",-6765.0
"Marc","Aumann","marc.aumann@holland.com",-6099.0
"Carla","Butler","carla.butler@yahoo.com",-5656.0
"Dionigi","Bruce","dionigi.bruce@industrias.com",-12036.0
"Frank","Henry","frank.henry@yahoo.com",13948.0
"Brent","Pons","brent.pons@proyectos.net",-676.0
"Patricia","Liebelt","patricia.liebelt@baca.org",6583.0
"Micheletto","Sykes","micheletto.sykes@thompson-thompson.com",1647.0
"Rose","Blanc","rose.blanc@grupo.com",-5457.0
"Vincent","Singh","vincent.singh@gmail.com",92543.0
"Jamie","Peacock","jamie.peacock@interiano-nordio.com",-6913.0
"Giorgia","Dijoux","giorgia.dijoux@paul.com",124.0
"Serena","Piacentini","serena.piacentini@yahoo.de",-12674.0
"Dimitri","Posada","dimitri.posada@gmail.com",76878.0
"Alexa","Barillaro","alexa.barillaro@ramos.net",-6419.0
"Megan","Kuhl","megan.kuhl@despacho.com",6583.0
"Kaitlyn","Farinelli","kaitlyn.farinelli@outlook.com",5435.0
"Jonathan","Castellitto","jonathan.castellitto@libero.it",-7438.0
"Lisa","Terragni","lisa.terragni@proyectos.com",124131.0
"Olivier","Petrucelli","olivier.petrucelli@letta-raurica.eu",2748.0
"Jos","Trobbiani","jos.trobbiani@samson.com",415.0
"Mirjam","Dawson","mirjam.dawson@yahoo.com",-1537.0
"Javier","Tessier","javier.tessier@mclaughlin.biz",1846.0
"Mirjana","Collins","mirjana.collins@hotmail.com",95.0
"Vanessa","Tschentscher","vanessa.tschentscher@mitchell.com",-11202.0
"Antonina","Cobb","antonina.cobb@gibson.org",51866.0
"Bernard","Durand","bernard.durand@royer.com",591.0
"Corey","Greggio","corey.greggio@johnson.org.au",-9369.0
"Rodolfo","Couturier","rodolfo.couturier@tim.it",-5214.0
"Pierre","Cardenas","pierre.cardenas@luzi-bonomo.eu",5986.0
"Romeo","Surian","romeo.surian@batista.com",-10573.0
"Ivo","Moreno","ivo.moreno@hotmail.com",30640.0
"Federico","Marie","federico.marie@jourdan.fr",1013.0
"Maggie","Boito","maggie.boito@yahoo.com",6214.0
"Brianna","Hanson","brianna.hanson@stanley.com",-6512.0
"Heiko","Bourgeois","heiko.bourgeois@togliatti.com",-124245.0
"Benito","Gritti","benito.gritti@gmail.com",-6497.0
"Mitzy","Junk","mitzy.junk@zaragoza.com",-2726.0
"Samantha","Lowe","samantha.lowe@praga.it",6280.0
"Ernesto","Nerger","ernesto.nerger@middleton.co.uk",3199.0
"Melinda","Canova","melinda.canova@orange.fr",5331.0
"Mohammad","Hartung","mohammad.hartung@hotmail.com",4797.0
"Ben","Maillot","ben.maillot@ramos.net",5149.0
"Isabel","Pruschke","isabel.pruschke@gmail.com",76308.0
"Linda","Franceschi","linda.franceschi@richards.net",9978.0
"Olivia","Striebitz","olivia.striebitz@gmail.com",-78477.0
"Penny","Watson","penny.watson@matthews.net",6752.0
"Manfred","James","manfred.james@davies.org",-4548.0
"Hazel","Pierce","hazel.pierce@outlook.com",603.0
"Alf","Bates","alf.bates@dunn.com",3874.0
"Scott","Gough","scott.gough@industrias.com",1598.0
"Konrad","Briones","konrad.briones@fierro.com",-33126.0
"Mathilde","Kruschwitz","mathilde.kruschwitz@yahoo.com",72323.0
"Irma","Gemito","irma.gemito@googlemail.com",-28630.0
"Antoine","Guyon","antoine.guyon@yahoo.com",-11343.0
"William","Gibilisco","william.gibilisco@gaillard.com",-20696.0
"Judith","Butte","judith.butte@fischer-vaughn.info",-2300.0
"Joanne","Henderson","joanne.henderson@gmail.com",-57338.0
"Ludovica","Arellano","ludovica.arellano@morandi-argento.com",-24828.0
"Catherine","Gray","catherine.gray@hotmail.com",2098.0
"Franco","Fioravanti","franco.fioravanti@barry-gill.com.au",-21564.0
"Heather","Zimmer","heather.zimmer@bluemel.de",-55242.0
"Hortense","Taylor","hortense.taylor@chambers.biz",27326.0
"Livia","Ernst","livia.ernst@colas.fr",2136.0
"Toby","Etzler","toby.etzler@industrias.com",17523.0
"Ennio","Leoncavallo","ennio.leoncavallo@sanchez.org",16036.0
"Philippine","Vaca","philippine.vaca@hotmail.com",4147.0
"Rhonda","Phillips","rhonda.phillips@yahoo.com",114641.0
"Alphonse","Nitto","alphonse.nitto@voila.fr",134441.0
"Karina","Arreola","karina.arreola@yahoo.com.au",5242.0
"Denise","Wood","denise.wood@mantegna.com",-11707.0
"Burghard","Rosenow","burghard.rosenow@hotmail.com",56177.0
"Friedl","Powell","friedl.powell@laposte.net",84842.0
"Benjamin","Schultz","benjamin.schultz@rivero-davila.com",95.0
"Rachel","Ulibarri","rachel.ulibarri@schueler.com",-20531.0
"Silvano","Blanchet","silvano.blanchet@yahoo.com",1823.0
"Kurt","Sauer","kurt.sauer@almanza.biz",-104361.0
"Nayeli","Gehringer","nayeli.gehringer@hotmail.com",-1448.0
"Imelda","Guerin","imelda.guerin@stumpf.net",1559.0
"Zbigniew","Holmes","zbigniew.holmes@stiffel.net",5869.0
"Adela","Alfonsi","adela.alfonsi@despacho.com",-1953.0
"Hilary","Clark","hilary.clark@libero.it",8554.0
"Kornelius","Molina","kornelius.molina@heuser.com",-7948.0
"Christian","Anderson","christian.anderson@tim.it",-75432.0
"Francisco","Dorsey","francisco.dorsey@tiscali.fr",-4046.0
"Walli","Albert","walli.albert@dussen.com",-10055.0
"Siegrun","Mota","siegrun.mota@matthews-montoya.org.au",-3130.0
"Alberico","Herve","alberico.herve@beer.net",-13647.0
"Serafina","Bonnin","serafina.bonnin@mendes.com",-10135.0
"Marcelle","Bender","marcelle.bender@edwards-robinson.info",-8858.0
"Hartmuth","Robertson","hartmuth.robertson@thomas.edu.au",8030.0
"Herlinde","George","herlinde.george@free.fr",-9194.0
"Pamela","Payne","pamela.payne@yahoo.com",-9343.0
"Gastone","Beyer","gastone.beyer@stewart-sanchez.edu",-66665.0
"Lydia","Berengario","lydia.berengario@aol.de",60790.0
"Lucy","Davidson","lucy.davidson@tele2.it",-13424.0
"Franck","Wade","franck.wade@gute.org",-141791.0
"Heidi","Barker","heidi.barker@gmail.com",145327.0
"Arnaldo","Ocasio","arnaldo.ocasio@hotmail.com",1221.0
"Francis","Bernier","francis.bernier@rodriguez.com",-8875.0
"Johanne","Strong","johanne.strong@yahoo.de",44602.0
"Debra","Langlois","debra.langlois@schmiedecke.com",153318.0
"Reingard","Kambs","reingard.kambs@sagese.eu",4288.0
"Mauro","Ortiz","mauro.ortiz@oquendo.net",-1508.0
"Griselda","Carranza","griselda.carranza@krause.de",-4449.0
"Janet","Madrigal","janet.madrigal@gmail.com",3297.0
"Jenna","Day","jenna.day@reed.com",-7899.0
"Modesto","Wright","modesto.wright@pareto.com",-82379.0
"Alice","Wall","alice.wall@zaccardo.it",-17959.0
"Brenda","Sontag","brenda.sontag@solari.com",31946.0
"Sergius","Mace","sergius.mace@palazzo.com",66205.0
"Antonia","Kline","antonia.kline@gmail.com",101862.0
"Maurice","Gumprich","maurice.gumprich@griffin.net.au",-18352.0
"Daniel","Anders","daniel.anders@yahoo.com",-2077.0
"Zaira","Cattaneo","zaira.cattaneo@yahoo.com",56007.0
"Alessio","Bruneau","alessio.bruneau@hotmail.co.uk",35354.0
"Gerdi","Guerrero","gerdi.guerrero@tele2.fr",-80988.0
"Brigitte","Stiebitz","brigitte.stiebitz@gmail.com",-2955.0
"June","Sinisi","june.sinisi@manzoni-giannini.it",-2138.0
"Carl","Macias","carl.macias@yahoo.com",-30912.0
"Veronica","Trapp","veronica.trapp@tiscali.it",-5983.0
"Frances","Garnier","frances.garnier@aporti-guidotti.org",-10502.0
"Terri","Iannelli","terri.iannelli@hotmail.com",35173.0
"Odette","Moore","odette.moore@hall.edu",98.0
"Mercedes","Trujillo","mercedes.trujillo@aol.de",-12872.0
"Babette","Dumas","babette.dumas@brady.net",4354.0
"Jerry","Santiago","jerry.santiago@soprano-ferragni.it",26980.0
"Ronald","Simpson","ronald.simpson@ovadia.net",-105421.0
"Emmanuel","Dominguez","emmanuel.dominguez@gmail.com",3073.0
"Christiane","Ricciardi","christiane.ricciardi@zavala.com",-32283.0
"Ingolf","Zamora","ingolf.zamora@yahoo.com.au",-8700.0
"Rita","Sharp","rita.sharp@beard-scott.edu.au",-2929.0
"Geraldine","Cabrera","geraldine.cabrera@green-smith.info",72796.0
"Chantal","Armas","chantal.armas@jenkins.net",98164.0
"Louis","Gilbert","louis.gilbert@gmail.com",-361.0
"Michelle","Collier","michelle.collier@peruzzi.it",-11946.0
"Guillermina","Nicholson","guillermina.nicholson@grondin.fr",71872.0
"Bertrand","Hopkins","bertrand.hopkins@gmail.com",28795.0
"Alonso","Palomo","alonso.palomo@gehringer.de",100948.0
"Tina","Rodriguez","tina.rodriguez@web.de",75593.0
"Eva","Francis","eva.francis@parker.org",757.0
"Ottavio","Rust","ottavio.rust@crespi.com",69737.0
"Amelia","Olvera","amelia.olvera@hotmail.com",-26669.0
"Paul","Palladio","paul.palladio@mclaughlin.net.au",-1423.0
"Bernardo","Wieloch","bernardo.wieloch@budig.com",3385.0
"Umberto","Hicks","umberto.hicks@hill.com",-2375.0
"Janko","Bishop","janko.bishop@tim.it",132077.0
"Jessika","Meunier","jessika.meunier@gmx.de",3036.0
"Isaac","Benard","isaac.benard@googlemail.com",-5067.0
"Alexandrie","Lambert","alexandrie.lambert@yahoo.com",-8513.0
"Roberto","Guyot","roberto.guyot@bennett.com",-22518.0
"Giulietta","Lucas","giulietta.lucas@club.com",54363.0
"Damaris","Pininfarina","damaris.pininfarina@gmail.com",17809.0
"Fabrizia","Renard","fabrizia.renard@higgins-marks.com",2613.0
"Camillo","Dehmel","camillo.dehmel@brown-campbell.com",-4717.0
"Ruggero","Parpinel","ruggero.parpinel@gmail.com",1331.0
"Stephen","Pratesi","stephen.pratesi@hotmail.com",55645.0
"Ludger","Naccari","ludger.naccari@ingram.biz",4497.0
"Meryem","Tapia","meryem.tapia@yahoo.com",-25720.0
"Jasmine","Juvara","jasmine.juvara@yahoo.com.au",-12378.0
"Victoire","Travaglia","victoire.travaglia@zacchia.com",-1869.0
"Adrian","Noel","adrian.noel@perrin.com",-6527.0
"Marvin","Howe","marvin.howe@gmail.com",-72500.0
"Hanne","Kidd","hanne.kidd@yahoo.com",-63454.0
"Donatello","Millet","donatello.millet@fritsch.net",5256.0
"Eloisa","Pascarella","eloisa.pascarella@gmail.com",-5331.0
"Erica","Zambrano","erica.zambrano@gmail.com",6068.0
"Paula","Canales","paula.canales@gilmore-guerrero.com",-4738.0
"Claudia","Bernard","claudia.bernard@mazzanti.it",-8639.0
"Paulina","Miller","paulina.miller@lewis-barker.com",1221.0
"Kathrin","Godfrey","kathrin.godfrey@tele2.fr",117446.0
"Pina","Passalacqua","pina.passalacqua@yahoo.co.uk",44516.0
"Julien","Miles","julien.miles@stevens-rose.com",-7803.0
"Suzanne","Benigni","suzanne.benigni@mennea-morlacchi.com",96.0
"Annalisa","Pugh","annalisa.pugh@hotmail.fr",-33902.0
"Mathew","Maestas","mathew.maestas@casas-garrido.com",1755.0
"Laszlo","Vallee","laszlo.vallee@verdier.com",79651.0
"Helen","Polanco","helen.polanco@hotmail.com",2237.0
"Mateo","Sorrentino","mateo.sorrentino@calderon.com",-21404.0
"Eric","Barnes","eric.barnes@barrett-winter.com",-6038.0
"Dragica","West","dragica.west@yahoo.com.au",3668.0
"Antje","Voisin","antje.voisin@gmail.com",-84906.0
"Stanley","Mills","stanley.mills@parker-lee.biz",626.0
"Brandy","Meraz","brandy.meraz@yahoo.com",-1719.0
"Conor","Reinhardt","conor.reinhardt@yahoo.com.au",-40554.0
"Gabino","Blot","gabino.blot@lewis-russell.org",131066.0
"Alvaro","Lemus","alvaro.lemus@yahoo.com",-10965.0
"Patrizia","Wilms","patrizia.wilms@dbmail.com",-23820.0
"Metin","Coulon","metin.coulon@ashley.com",-4129.0
"Reece","Valencia","reece.valencia@laboy-palomo.com",-2784.0
"Troy","Schmiedecke","troy.schmiedecke@picard.com",-6653.0
"Wendy","Bustos","wendy.bustos@libero.it",2380.0
"Guglielmo","Caldwell","guglielmo.caldwell@loeffler.com",-4728.0
"Travis","Cowan","travis.cowan@turner.info",-6689.0
"Brandi","Abbagnale","brandi.abbagnale@tele2.fr",-6789.0
"Hanno","Gollum","hanno.gollum@smith.com",93458.0
"Jutta","Burke","jutta.burke@elliott.com",-3907.0
"Dorothe","Paz","dorothe.paz@fiebig.de",-10606.0
"Desiree","Huerta","desiree.huerta@morris.com",-1032.0
"Ilse","Bray","ilse.bray@venturi.it",134378.0
"Pierpaolo","Scaduto","pierpaolo.scaduto@sanders-gibson.com.au",3887.0
"Amedeo","Bradford","amedeo.bradford@yahoo.com",-93803.0
"Julia","Ali","julia.ali@yahoo.com",-9910.0
"Catalina","Pizzetti","catalina.pizzetti@tim.it",-56.0
"Dylan","Porzio","dylan.porzio@yahoo.de",36669.0
"Iris","Trincavelli","iris.trincavelli@tiscali.fr",3511.0
"Johnathan","Guidotti","johnathan.guidotti@cox-sanchez.net",43164.0
"Walburga","Vollbrecht","walburga.vollbrecht@aol.de",-47421.0
"Kendra","David","kendra.david@allan-morton.com",62756.0
"Aleksandr","Weiss","aleksandr.weiss@blanc.org",4498.0
"Cornelio","Guardado","cornelio.guardado@gmail.com",-86724.0
"Ferdi","Blackburn","ferdi.blackburn@christensen.net",-6363.0
"Bill","Gallagher","bill.gallagher@green.com",-139.0
"Leonard","Harvey","leonard.harvey@hotmail.com",-2196.0
"Milan","Montenegro","milan.montenegro@langern.com",-116637.0
"Philip","Perez","philip.perez@hotmail.co.uk",145169.0
"Kathryn","Hentschel","kathryn.hentschel@shaw.com",-5614.0
"Xavier","Samson","xavier.samson@baggio.it",-11184.0
"Hartwig","Roberts","hartwig.roberts@saraceno.net",-10064.0
"Kimberly","Chan","kimberly.chan@gmail.com",182133.0
"Lorraine","Crawford","lorraine.crawford@gmail.com",6451.0
"Maximiliano","Knowles","maximiliano.knowles@gmail.com",147083.0
"Gabriella","Avila","gabriella.avila@gmail.com",85057.0
"Rico","Mortati","rico.mortati@faivre.fr",100.0
"Gail","Petrocelli","gail.petrocelli@yahoo.com",45857.0
"Liberto","Niemeier","liberto.niemeier@germano-dibiasi.it",-5589.0
"Luciana","Petitjean","luciana.petitjean@patterson-cole.biz",-20483.0
"Ron","Cavazos","ron.cavazos@yahoo.com",576.0
"Aldo","Cibin","aldo.cibin@gmx.de",77403.0
"Alexandre","Serrano","alexandre.serrano@yahoo.co.uk",-148874.0
"Lori","Fagotto","lori.fagotto@hill-anderson.com",1263.0
"Perla","Figueroa","perla.figueroa@live.com",-21120.0
"Reginald","Hughes","reginald.hughes@gmail.com",48990.0
"Uriel","Holt","uriel.holt@gmail.com",-1489.0
"Stefano","Lemonnier","stefano.lemonnier@binner.com",112302.0
"Madeleine","Cooper","madeleine.cooper@poste.it",-3578.0
"Alban","Barbier","alban.barbier@ortiz.org",5040.0
"Alfonso","Finetti","alfonso.finetti@quiroz.com",107577.0
"Ryan","Kim","ryan.kim@noos.fr",3803.0
"Augustin","Wohlgemut","augustin.wohlgemut@watson.info",72076.0
"Rolando","Bibi","rolando.bibi@tin.it",-708.0
"Berthold","Randall","berthold.randall@mcdonald.com",8178.0
"Genaro","Briand","genaro.briand@sfr.fr",-3102.0
"Rudolf","Jenkins","rudolf.jenkins@hotmail.com",-2606.0
"Pauline","Ackermann","pauline.ackermann@arredondo-roque.com",-3461.0
"Folker","Swanson","folker.swanson@rodrigues.fr",34111.0
"Ashleigh","Montez","ashleigh.montez@perry-schneider.com",-5403.0
"Liliana","Barber","liliana.barber@libero.it",15564.0
"Caridad","Carr","caridad.carr@huhn.com",332.0
"Lolita","Borrego","lolita.borrego@gmail.com",-4644.0
"Gunar","Patrick","gunar.patrick@leroy.com",720.0
"Leokadia","Verdier","leokadia.verdier@hotmail.com.au",1773.0
"Hanna","Reid","hanna.reid@salas.org",4526.0
"Edelgard","Kreusel","edelgard.kreusel@hotmail.com",8672.0
"Svenja","Perrin","svenja.perrin@berger.com",8362.0
"Pierluigi","Taccola","pierluigi.taccola@gmx.de",-6446.0
"Cilli","Watts","cilli.watts@yahoo.com",-68486.0
"Emiliano","Wells","emiliano.wells@gmx.de",75715.0
"April","Davids","april.davids@fisher.info",-9933.0
"Dolores","Didier","dolores.didier@yahoo.com.au",-4897.0
"Sylvia","Bonomo","sylvia.bonomo@poulain.com",-14535.0
"Nelly","Marsh","nelly.marsh@hotmail.it",94266.0
"Beth","Miniati","beth.miniati@hudson.net",2680.0
"Renee","Merino","renee.merino@gmail.com",-8797.0
"Hailey","Russell","hailey.russell@jourdan.org",134914.0
"Raphaela","Gotthard","raphaela.gotthard@outlook.com",75070.0
"Pomponio","Comencini","pomponio.comencini@hotmail.co.uk",71036.0
"Leone","Richardson","leone.richardson@yahoo.com",-4942.0
"Valentine","Acosta","valentine.acosta@peters.net",20691.0
"Ricciotti","Laureano","ricciotti.laureano@parsons.com",-2670.0
"Jacques","Heidrich","jacques.heidrich@zamudio-chapa.com",-11297.0
"Anne","Snow","anne.snow@gmail.com",-112974.0
"Sonia","Volta","sonia.volta@gmx.de",-54343.0
"Dale","Leblanc","dale.leblanc@stewart.com",96.0
"Alejandro","Cruz","alejandro.cruz@hotmail.com",74502.0
"Elsa","Cugia","elsa.cugia@yahoo.com",134.0
"Geronimo","Pechel","geronimo.pechel@hotmail.com",95578.0
"Melania","Klemm","melania.klemm@seidel.com",-4908.0
"Katherine","Cooley","katherine.cooley@yahoo.com",-7789.0
"Guillermo","Larsen","guillermo.larsen@yahoo.com",-7267.0
"Jill","Barrios","jill.barrios@gmail.com",-5960.0
"Austin","Musatti","austin.musatti@tin.it",-2166.0
"Jacinto","Rose","jacinto.rose@yahoo.com",-1021.0
"Lucie","Redi","lucie.redi@googlemail.com",-138832.0
"Tania","Chapman","tania.chapman@remy.com",-8091.0
"Alexandria","Best","alexandria.best@yahoo.co.uk",8631.0
"Edward","Scott","edward.scott@yahoo.com",-1407.0
"Jake","Wiley","jake.wiley@outlook.com",27307.0
"Claudio","Reuter","claudio.reuter@morgan-collins.org.au",-99266.0
"Laure","Traetta","laure.traetta@kay-perkins.co.uk",5176.0
"Magarete","Valentin","magarete.valentin@yahoo.com",-8065.0
"Paige","Hill","paige.hill@jones.org.au",-62288.0
"Fulvio","Curiel","fulvio.curiel@reynolds.com",-27605.0
"Thibaut","Camarillo","thibaut.camarillo@hotmail.com",-64164.0
"Romana","Blanchard","romana.blanchard@googlemail.com",205.0
"Thibault","Savorgnan","thibault.savorgnan@butler.biz",4104.0
"Alexander","Pausini","alexander.pausini@gonzalez.info",-796.0
"Pierangelo","Scholtz","pierangelo.scholtz@lefevre.com",-7267.0
"Emmanuelle","Keller","emmanuelle.keller@morton-clarke.com",30879.0
"Isabella","Deleon","isabella.deleon@web.de",3402.0
"Timothy","Weitzel","timothy.weitzel@gmail.com",6654.0
"Alfredo","Ingram","alfredo.ingram@hotmail.com",80332.0
"Francesca","Kade","francesca.kade@luna-rael.org",-69.0
"Tonia","Coleman","tonia.coleman@hotmail.com",-105778.0
"Gottfried","Barbe","gottfried.barbe@hotmail.com",2159.0
"Jeffrey","Trommler","jeffrey.trommler@yahoo.com",4169.0
"Giacobbe","Owens","giacobbe.owens@huet.fr",-42034.0
"Conchita","Pagliaro","conchita.pagliaro@googlemail.com",-16855.0
"Kevin","Delahaye","kevin.delahaye@ellis-wilson.com",-4165.0
"Rouven","Ovadia","rouven.ovadia@gmail.com",-5954.0
"Piermaria","Laporte","piermaria.laporte@wesack.com",2548.0
"Karolin","Johann","karolin.johann@hotmail.com",33083.0
"Steven","Folliero","steven.folliero@noos.fr",2787.0
"Livio","Rosselli","livio.rosselli@green.co.uk",1276.0
"Gaetano","Leonardi","gaetano.leonardi@despacho.com",-5626.0
"Cynthia","Robinson","cynthia.robinson@gilles.net",136557.0
"Eleni","Aponte","eleni.aponte@club-internet.fr",-66688.0
"Noelia","Romo","noelia.romo@yahoo.com",146133.0
"Evelyn","Haynes","evelyn.haynes@clark.info",-76295.0
"Katharine","Zaccagnini","katharine.zaccagnini@hotmail.com",25.0
"Lea","Merle","lea.merle@stey.de",-74979.0
"Marta","Huynh","marta.huynh@hernandez.info",-67368.0
"Amador","Riley","amador.riley@hotmail.com",135188.0
"Julie","Coles","julie.coles@hotmail.fr",95.0
"Beverley","Telesio","beverley.telesio@regnier.fr",-6718.0
"Corinne","Mitschke","corinne.mitschke@hauffer.net",-20076.0
"Valerie","Ortega","valerie.ortega@tele2.it",-1042.0
"Carlos","Delle","carlos.delle@hicks.com",-62738.0
"Christina","Besnard","christina.besnard@delorme.com",-2878.0
"Rosario","Jacques","rosario.jacques@yahoo.com",-3005.0
"Celal","Fischer","celal.fischer@aol.de",-43067.0
"Leonardo","Guzman","leonardo.guzman@andreozzi-abba.com",-7175.0
"Clinton","Mason","clinton.mason@yahoo.com",-2042.0
"Loretta","Mallet","loretta.mallet@sansoni-toscani.it",-136556.0
"Lorenzo","Roero","lorenzo.roero@hotmail.co.uk",7064.0
"Lando","Gutierrez","lando.gutierrez@heser.com",-2445.0
"Elaine","Patterson","elaine.patterson@rose-morris.org",-814.0
"Marcella","Govoni","marcella.govoni@barkholz.net",-14705.0
"Ettore","Amaldi","ettore.amaldi@germain.com",-5988.0
"Rufino","Gallegos","rufino.gallegos@webster-newton.co.uk",-5729.0
"Georges","Richards","georges.richards@macdonald.com",-2096.0
"Janice","Infantino","janice.infantino@hotmail.com",101563.0
"Svetlana","Montanariello","svetlana.montanariello@putz.de",140143.0
"Agnolo","Cedillo","agnolo.cedillo@laboratorios.biz",-7225.0
"Hannah","Jockel","hannah.jockel@ceravolo-tonisto.eu",-133069.0
"Yvonne","Stout","yvonne.stout@sims.edu",183084.0
"Anouk","Pace","anouk.pace@gmail.com",-56506.0
"Esteban","Valdez","esteban.valdez@hotmail.com",-9149.0
"Angelina","Davies","angelina.davies@hotmail.com",1697.0
"Anastasie","Cadena","anastasie.cadena@live.com",-6805.0
"Hansjoachim","Lettiere","hansjoachim.lettiere@hall-mcdaniel.net",-9508.0
"Yeni","Tejada","yeni.tejada@olson.edu.au",-984.0
"Dulce","Adinolfi","dulce.adinolfi@hotmail.com",30424.0
"Sean","Mielcarek","sean.mielcarek@gmail.com",3527.0
"Omar","Fonseca","omar.fonseca@grupo.org",-124556.0
"Henry","Gucci","henry.gucci@leleu.fr",41198.0
"Samira","Bottaro","samira.bottaro@vasseur.fr",1131.0
"Korinna","Arnold","korinna.arnold@zapata-saenz.biz",25376.0
"Marcela","Ferrante","marcela.ferrante@gmx.de",-19590.0
"Douglas","Amaya","douglas.amaya@favata-brenna.net",70109.0
"Katherina","Barrientos","katherina.barrientos@trobbiani.eu",1750.0
"Brittany","Tran","brittany.tran@tele2.it",72282.0
"Caroline","Reeves","caroline.reeves@yahoo.com",3768.0
"Joe","Michaud","joe.michaud@yahoo.fr",100031.0
"Marco","Vittadello","marco.vittadello@gmail.com",-1877.0
"Kim","Webb","kim.webb@yahoo.com.au",-4182.0
"Eugenia","Zichichi","eugenia.zichichi@yahoo.com",-18086.0
"Aurore","Rosemann","aurore.rosemann@leoncavallo-rusticucci.com",87416.0
"Giustino","Luzi","giustino.luzi@rolland.fr",13617.0
"Anita","Galindo","anita.galindo@gmail.com",11252.0
"Gunhild","Carrillo","gunhild.carrillo@elliott-gilbert.org",2637.0
"Rosa","Paul","rosa.paul@bien.com",36426.0
"Marliese","Oneal","marliese.oneal@gmail.com",62697.0
"Bethany","Hartmann","bethany.hartmann@yahoo.com",98.0
"Irina","Martineau","irina.martineau@gmail.com",22661.0
"Beatriz","Moulin","beatriz.moulin@pinto.com",-2684.0
"Lucas","Austin","lucas.austin@gmail.com",-13433.0
"Carole","Nohlmans","carole.nohlmans@yahoo.com",-142936.0
"Bozena","Schmitt","bozena.schmitt@vallet.com",-6312.0
"Aimee","Foconi","aimee.foconi@outlook.com",68521.0
"Marzena","Carrero","marzena.carrero@roskoth.de",9176.0
"Raisa","Poulain","raisa.poulain@fastwebnet.it",21006.0
"Marcantonio","Bennett","marcantonio.bennett@hopkins.com.au",63690.0
"Kenneth","Hurst","kenneth.hurst@meunier.net",1662.0
"Marisela","Mende","marisela.mende@godoy-enriquez.com",48928.0
"Blanka","Villareal","blanka.villareal@monduzzi.net",194.0
"Tomislav","Stoppani","tomislav.stoppani@corporacin.org",2276.0
"Krystal","Ammaniti","krystal.ammaniti@barbier.fr",52829.0
"Deanna","Aporti","deanna.aporti@bouygtel.fr",-7119.0
"Donatella","Burns","donatella.burns@yahoo.de",1115.0
"Margrit","Hooper","margrit.hooper@douglas.com",-5255.0
"Baccio","Marcacci","baccio.marcacci@laposte.net",21907.0
"Alfio","Roman","alfio.roman@hotmail.co.uk",-126220.0
"Soledad","Soto","soledad.soto@hotmail.de",-59755.0
"Josh","Cimarosa","josh.cimarosa@hotmail.com",-21527.0
"Nath","Rico","nath.rico@yahoo.com",87211.0
"Gary","Armani","gary.armani@web.de",3155.0
"Miriam","Oquendo","miriam.oquendo@smith-watson.biz",113450.0
"Monica","Mohaupt","monica.mohaupt@live.com",-2229.0
"Alec","Ho","alec.ho@parra-esparza.com",-55914.0
"Harry","Fouquet","harry.fouquet@ibarra-cooper.com",868.0
"Arcelia","Babati","arcelia.babati@orange.fr",81621.0
"Trinidad","Vespa","trinidad.vespa@gmail.com",-13111.0
"Colette","Ryan","colette.ryan@hotmail.com",3778.0
"Richard","Andre","richard.andre@porras.org",25063.0
"Ellinor","Leclercq","ellinor.leclercq@gmail.com",-2709.0
"Patricio","Guillon","patricio.guillon@web.de",-5944.0
"Kirsten","Chindamo","kirsten.chindamo@carrillo-wall.com",-6200.0
"Leo","Petruzzi","leo.petruzzi@yahoo.com",45499.0
"Margot","Tomaselli","margot.tomaselli@junck.org",-6881.0
"Ansaldo","Marks","ansaldo.marks@patel-odonnell.com",-12480.0
"Regina","Morin","regina.morin@barcaccia.net",-9549.0
"Karla","Medici","karla.medici@yahoo.com",-48.0
"Morgan","Irizarry","morgan.irizarry@williams-harris.biz",-4558.0
"Natividad","Wong","natividad.wong@hoevel.com",-2119.0
"Anna","Freeman","anna.freeman@snyder.net",562.0
"Emilia","Vivaldi","emilia.vivaldi@garnier.fr",65004.0
"Gerda","Cook","gerda.cook@tin.it",1444.0
"Andrey","Faure","andrey.faure@frederick-mitchell.info",-3122.0
"Charlotte","Duke","charlotte.duke@ochoa.org",67212.0
"Cindy","Castillo","cindy.castillo@virgilio.it",-68060.0
"Hiltrud","Thibault","hiltrud.thibault@barbe.com",-145957.0
"Kasimir","Jaime","kasimir.jaime@gmail.com",1155.0
"Sabine","Lachmann","sabine.lachmann@phillips.org",97.0
"Andrea","Arroyo","andrea.arroyo@yahoo.com.au",-39014.0
"Matthew","Velasquez","matthew.velasquez@gmail.com",3990.0
"Severino","Linares","severino.linares@angeli.com",-134328.0
"Swantje","Lomeli","swantje.lomeli@gmx.de",-1982.0
"Marcus","Espino","marcus.espino@comolli.eu",1652.0
"Allen","Gates","allen.gates@gmail.com",-30186.0
"Mauricio","Saunders","mauricio.saunders@hotmail.co.uk",-4279.0
"Gilbert","Cornejo","gilbert.cornejo@hotmail.com",-10320.0
"Letizia","Gulotta","letizia.gulotta@howard.biz",-4154.0
"Etta","Gutknecht","etta.gutknecht@leconte.net",-2058.0
"Shelley","Perry","shelley.perry@gierschner.de",4940.0
"Geoffrey","Williams","geoffrey.williams@poste.it",-13925.0
"Cory","Stewart","cory.stewart@voila.fr",-4274.0
"Kristy","Bartlett","kristy.bartlett@outlook.com",-143536.0
"Gianluca","Beck","gianluca.beck@green.biz",89130.0
"Guido","Krein","guido.krein@gmail.com",-8353.0
"Leif","Monnier","leif.monnier@querini.it",-8268.0
"Jonas","Badoer","jonas.badoer@kennedy.biz",-17.0
"Devin","Ebert","devin.ebert@yahoo.fr",-3657.0
"Slobodan","Camiscione","slobodan.camiscione@hotmail.com",5473.0
"Volkmar","Gauthier","volkmar.gauthier@hotmail.com",118171.0
"Jordan","Rowe","jordan.rowe@outlook.com",-27406.0
"Manon","Daugherty","manon.daugherty@segre.com",-8350.0
"Estela","Segovia","estela.segovia@vodafone.it",-2861.0
"Giada","Celentano","giada.celentano@evans.net",95831.0
"Clayton","Salcedo","clayton.salcedo@hotmail.co.uk",6073.0
"Raven","Pinto","raven.pinto@hotmail.com",-5785.0
"Lewis","Lewis","lewis.lewis@pisano.net",3465.0
"Rochus","Rousseau","rochus.rousseau@nguyen.com",-4797.0
"Belinda","Gamez","belinda.gamez@leleu.com",-90047.0
"Angelo","Lozano","angelo.lozano@macias.com",780.0
"Jorge","Monti","jorge.monti@clement.fr",9378.0
"Ricky","Harrell","ricky.harrell@martin.edu",-67467.0
"Adriano","Wulf","adriano.wulf@schmidtke.net",-9204.0
"Pompeo","Bourdon","pompeo.bourdon@gmail.com",-94304.0
"Kristie","Garrett","kristie.garrett@wernecke.com",5167.0
"Lodovico","Conley","lodovico.conley@yahoo.com",-1328.0
"Jean","Berthelot","jean.berthelot@oscuro.it",73143.0
"Tadeusz","Medina","tadeusz.medina@jackson-clark.net",3900.0
"Ruby","Carriera","ruby.carriera@hotmail.it",3708.0
"Theres","Antonioni","theres.antonioni@hotmail.com",-12950.0
"Gloria","Morton","gloria.morton@outlook.com",-12313.0
"Graziano","Jensen","graziano.jensen@gmail.com",3396.0
"Gianpaolo","Massey","gianpaolo.massey@bouvier.com",-12240.0
"Alain","Farmer","alain.farmer@hotmail.it",4809.0
"Renato","Murillo","renato.murillo@club.com",-62780.0
"Edda","Ferraris","edda.ferraris@libero.it",-6314.0
"Luce","Marty","luce.marty@waehner.org",126763.0
"Rotraud","Mitchell","rotraud.mitchell@laboratorios.com",-4927.0
"Israel","Watkins","israel.watkins@hotmail.com",99.0
"Nathan","Jennings","nathan.jennings@kim.com",-4763.0
"Gavin","Proietti","gavin.proietti@gmx.de",438.0
"Emma","Rios","emma.rios@yahoo.com.au",-7365.0
"Todd","Douglas","todd.douglas@web.de",-48203.0
"Oscar","Holsten","oscar.holsten@yahoo.com",-2996.0
"Ann","Peron","ann.peron@grupo.biz",-8737.0
"Senta","Grassi","senta.grassi@hotmail.com",-4296.0
"Kata","Mena","kata.mena@gmail.com",-137405.0
"Gianfranco","Hethur","gianfranco.hethur@stewart-lee.com.au",52885.0
"Florentine","Saraceno","florentine.saraceno@gmail.com",31708.0
"Giuliano","Bolzmann","giuliano.bolzmann@pacillo.it",-12220.0
"Alwine","Kostolzin","alwine.kostolzin@holloway.com",-2704.0
"Giacinto","Briggs","giacinto.briggs@yahoo.co.uk",-738.0
"Holly","Negrete","holly.negrete@hotmail.com",-6910.0
"Mark","Trapanese","mark.trapanese@gmail.com",-4225.0
"Alyssa","Brun","alyssa.brun@chittolini-spadafora.it",30147.0
"Cristina","Chevalier","cristina.chevalier@proyectos.com",41828.0
"Shannon","Lefevre","shannon.lefevre@gmail.com",-6288.0
"Logan","Hornich","logan.hornich@tin.it",16494.0
"Rosalia","Toro","rosalia.toro@free.fr",-7342.0
"Reiner","Poerio","reiner.poerio@yahoo.com",2831.0
"Valentina","Pages","valentina.pages@hotmail.de",-19986.0
"Enrico","Fabre","enrico.fabre@gmail.com",-48085.0
"Sevim","Begue","sevim.begue@yahoo.com.au",-1775.0
"Sonja","Patberg","sonja.patberg@hotmail.com",8432.0
"Christine","Hiller","christine.hiller@yahoo.com",38177.0
"Maik","Beasley","maik.beasley@harper-brooks.biz",47813.0
"Elliot","Santana","elliot.santana@gmx.de",-8943.0
"Eloy","Renzi","eloy.renzi@gmail.com",21407.0
"Wolf","Lutz","wolf.lutz@nichols-jackson.com.au",-321.0
"Giuseppe","Lee","giuseppe.lee@mahe.org",4286.0
"Angelica","Cuellar","angelica.cuellar@zaguri-bellucci.net",-5881.0
"Bekir","Normand","bekir.normand@yahoo.de",-3051.0
"Carmine","Gonzales","carmine.gonzales@schleich.net",-13635.0
"Marianne","Hubert","marianne.hubert@hotmail.com",-6239.0
"Gonzalo","Montes","gonzalo.montes@hotmail.com",-9446.0
"Shelly","Guichard","shelly.guichard@gmail.com",206.0
"Tobias","Carbajal","tobias.carbajal@live.com",426.0
"Santiago","Berry","santiago.berry@aol.de",5649.0
"Emilio","Davenport","emilio.davenport@zamora-russo.net",129126.0
"Maurizio","Gute","maurizio.gute@knight.info",1560.0
"Nadia","Travaglio","nadia.travaglio@colletti-broggini.com",1320.0
"Elisa","Barkholz","elisa.barkholz@sfr.fr",-11945.0
"Cristal","Mazzini","cristal.mazzini@gmail.com",-1676.0
"Trevor","Granados","trevor.granados@gmail.com",6078.0
"Matthieu","Mcdonald","matthieu.mcdonald@morrison.org",3525.0
"Juliette","Preston","juliette.preston@gmail.com",-732.0
"Stanislaw","Montalvo","stanislaw.montalvo@mcpherson-hughes.info",-3008.0
"Lilia","Lollobrigida","lilia.lollobrigida@le.com",10978.0
"Brigitta","Shaw","brigitta.shaw@hotmail.co.uk",99.0
"Rebeca","Frey","rebeca.frey@gerard.fr",-2367.0
"Nicolas","Palacios","nicolas.palacios@meraz.com",-6016.0
"Susanna","Bonneau","susanna.bonneau@klingelhoefer.de",-427.0
"Romina","Valentine","romina.valentine@hotmail.com",-4387.0
"Erika","Toussaint","erika.toussaint@sfr.fr",4768.0
"Lothar","Laurent","lothar.laurent@garcia.com.au",-7562.0
"Chelsea","Verdugo","chelsea.verdugo@campbell.com",-1148.0
"Ria","Venier","ria.venier@murillo-estevez.com",3617.0
"Carly","Summers","carly.summers@yahoo.co.uk",52264.0
"Pasquale","Tomasini","pasquale.tomasini@hotmail.co.uk",-5960.0
"Stefani","Ughi","stefani.ughi@hotmail.it",21180.0
"Jose","Huang","jose.huang@gmx.de",-74940.0
"Petros","Gaona","petros.gaona@googlemail.com",-4461.0
"Maximilian","Siering","maximilian.siering@gaito-fornaciari.org",250.0
"Ermenegildo","Holzapfel","ermenegildo.holzapfel@aol.de",-2721.0
"Damien","Leger","damien.leger@dixon.biz",-11850.0
"Zeferino","Barrera","zeferino.barrera@zedillo-velazquez.com",-137892.0
"Alfred","Pohl","alfred.pohl@fechner.net",-6964.0
"Marissa","Gaito","marissa.gaito@reed-campbell.edu",4391.0
"Ariana","Houston","ariana.houston@hotmail.it",-10509.0
"Victor","Jacobs","victor.jacobs@young.com",-9373.0
"Henriette","Lang","henriette.lang@mimun.it",-134982.0
"Wilfriede","Baca","wilfriede.baca@caraballo.com",-10540.0
"Lucia","Riviere","lucia.riviere@samaniego.biz",-22516.0
"Gordon","Vigorelli","gordon.vigorelli@solano.com",-10350.0
"Diethard","Salgado","diethard.salgado@gmail.com",-9997.0
"Sue","Corrales","sue.corrales@cardenas-serna.org",-3834.0
"Arthur","Salazar","arthur.salazar@yahoo.com.au",2201.0
"Fortunata","Schneider","fortunata.schneider@tiscali.it",4671.0
"Gretchen","Serna","gretchen.serna@pichon.org",120176.0
"Egon","Caron","egon.caron@hotmail.com",-8717.0
"Roberta","Finzi","roberta.finzi@knight-davies.co.uk",-92956.0
"Editha","Savage","editha.savage@davies.co.uk",-3923.0
"Allan","Emanuelli","allan.emanuelli@fernandes.org",-3928.0
"Laurence","Lucero","laurence.lucero@martin.org",8845.0
"Istvan","Draghi","istvan.draghi@ifrance.com",2014.0
"Luigi","Bonnet","luigi.bonnet@carriera-federico.it",-133260.0
"Yuridia","Fantozzi","yuridia.fantozzi@mcdonald.com",-2490.0
"Eraldo","Schmiedt","eraldo.schmiedt@hotmail.de",-6944.0
"Antoinette","Cox","antoinette.cox@bustamante.com",-283.0
"Cameron","Ocampo","cameron.ocampo@hotmail.com.au",-3891.0
"Lynn","Lawson","lynn.lawson@leclercq.com",-6947.0
"Natalia","Seifert","natalia.seifert@ifrance.com",6097.0
"Nuray","Anguillara","nuray.anguillara@yahoo.co.uk",53.0
"Beate","Morgan","beate.morgan@gmail.com",-68187.0
"Mario","Rees","mario.rees@gmx.de",-4085.0
"Galasso","Junken","galasso.junken@yahoo.co.uk",-6474.0
"Luca","Moses","luca.moses@franke.de",-7631.0
"Aurelio","Gertz","aurelio.gertz@hewitt.net",-2217.0
"Uberto","Steele","uberto.steele@outlook.com",99.0
"Annie","Hunter","annie.hunter@allen.co.uk",-6468.0
"Jo","Mccarty","jo.mccarty@hotmail.com",2395.0
"Eitel","Lombard","eitel.lombard@thomas.net",-94402.0
"Susan","Vigliotti","susan.vigliotti@yahoo.co.uk",-23309.0
"Jacqueline","Germano","jacqueline.germano@valette.fr",-556.0
"Fidel","Ruppert","fidel.ruppert@yahoo.co.uk",-6158.0
"Margaret","Eigenwillig","margaret.eigenwillig@yahoo.com",-2113.0
"Yvette","Harding","yvette.harding@yahoo.co.uk",1222.0
"Federigo","Karge","federigo.karge@bohlander.com",4706.0
"Guenther","Armenta","guenther.armenta@free.fr",-3033.0
"Coriolano","Higgins","coriolano.higgins@murphy.org.au",-517.0
"Felix","Rubio","felix.rubio@ebert.de",-3060.0
"Melanie","Leveque","melanie.leveque@fleury.net",-4015.0
"Abbie","Galeati","abbie.galeati@ubaldi.it",-10377.0
"Vittorio","Caccioppoli","vittorio.caccioppoli@yahoo.com",-69515.0
"Biagio","Valenzuela","biagio.valenzuela@robinson.info",103755.0
"Dario","Green","dario.green@live.com",-2997.0
"Alwina","Textor","alwina.textor@poste.it",-5939.0
"Diether","Baeza","diether.baeza@grupo.biz",123524.0
"Sole","Trevino","sole.trevino@hotmail.com",780.0
"Darren","Bernardi","darren.bernardi@brooks-martin.com",-123412.0
"Martina","Heser","martina.heser@morellato.it",-3292.0
"Bethan","Giacometti","bethan.giacometti@gmail.com",-37168.0
"Ethan","Duhamel","ethan.duhamel@sfr.fr",-99268.0
"Corrado","Warren","corrado.warren@hotmail.com.au",2435.0
"Damian","Pulido","damian.pulido@yahoo.de",6189.0
"Dino","Osborne","dino.osborne@despacho.com",36972.0
"Nicolaus","Bernetti","nicolaus.bernetti@aol.de",1688.0
"Gianna","Carroll","gianna.carroll@perez.com",-4438.0
"Grit","Knight","grit.knight@web.de",-108601.0
"Erin","Weinhold","erin.weinhold@hotmail.fr",49635.0
"Craig","Jordan","craig.jordan@gmail.com",-2160.0
"Homero","Respighi","homero.respighi@gmail.com",-4689.0
"Fanny","Pertile","fanny.pertile@gmail.com",61426.0
"Fridolin","Comboni","fridolin.comboni@graf.com",-329.0
"Hugh","Cantu","hugh.cantu@libero.it",22855.0
"Alphons","Simmons","alphons.simmons@hotmail.com",5511.0
"Ludovico","Cafarchia","ludovico.cafarchia@gmail.com",-6374.0
"Nico","Kaiser","nico.kaiser@almonte.com",-3908.0
"Kirsty","Lamy","kirsty.lamy@alonzi.it",-21449.0
"Joshua","Scheibe","joshua.scheibe@turci.org",-4758.0
"Carin","Pineau","carin.pineau@yahoo.com",-7835.0
"Ellie","Galarza","ellie.galarza@pareto-cattaneo.net",-2370.0
"Marion","Lira","marion.lira@ifrance.com",-1508.0
"Aurelia","Angiolello","aurelia.angiolello@lord.com",148692.0
"Maura","Ravaglioli","maura.ravaglioli@yahoo.com",-133538.0
"Brunhilde","Fletcher","brunhilde.fletcher@schomber.de",6363.0
"Ottfried","Marques","ottfried.marques@tyler-watson.info",85109.0
"Christelle","Blasi","christelle.blasi@morris-chan.com",-9520.0
"Augusto","Vercelloni","augusto.vercelloni@club-internet.fr",98.0
"Michela","Pruvost","michela.pruvost@holt.co.uk",-3146.0
"Guarino","Escalante","guarino.escalante@hotmail.com",-2134.0
"Gabriela","Padilla","gabriela.padilla@pearson-russell.com",40291.0
"Agathe","Dias","agathe.dias@jackson.com",5705.0
"Werner","Kallert","werner.kallert@gmail.com",-5055.0
"Lore","Delaunay","lore.delaunay@yahoo.com",-3464.0
"Enzio","Campos","enzio.campos@tim.it",7257.0
"Walther","Duarte","walther.duarte@web.de",-83750.0
"Adelgunde","Trevisan","adelgunde.trevisan@gmail.com",-6821.0
"Thierry","Schwartz","thierry.schwartz@travaglio.net",124285.0
"Katie","Andersen","katie.andersen@haney.com.au",-5739.0
"Kathy","Zamorani","kathy.zamorani@hotmail.com",-12510.0
"Giuseppina","Tanguy","giuseppina.tanguy@wanadoo.fr",34664.0
"Jack","Klapp","jack.klapp@hotmail.com.au",2724.0
"Tom","Leconte","tom.leconte@woods-johnson.com",-70036.0
"Bonnie","Cignaroli","bonnie.cignaroli@yahoo.com",2357.0
"Danny","Farrell","danny.farrell@hotmail.com",1503.0
"Fiorenzo","Bauer","fiorenzo.bauer@gmail.com",-5221.0
"Randy","Alfieri","randy.alfieri@verri.org",14685.0
"Tim","Bradley","tim.bradley@schlosser.de",-4376.0
"Yves","Mendez","yves.mendez@gmail.com",159190.0
"Raffaella","Esquivel","raffaella.esquivel@gmail.com",-39040.0
"Lawrence","Vasari","lawrence.vasari@castillo.edu",-2344.0
"Sam","Adams","sam.adams@yahoo.com",-152892.0
"Mirco","Nicolini","mirco.nicolini@blin.net",-3722.0
"Graham","Bajardi","graham.bajardi@yahoo.com",7123.0
"Luc","Quinn","luc.quinn@walker.com",3899.0
"Stella","Ullrich","stella.ullrich@hotmail.com.au",-28986.0
"Calcedonio","Remy","calcedonio.remy@edwards-benton.com",-6452.0
"Nanni","Almaraz","nanni.almaraz@martin.com",-430.0
"Pascual","Corradi","pascual.corradi@lopez.net.au",2171.0
"Kristi","Grant","kristi.grant@yahoo.co.uk",-2583.0
"Manuel","Gracia","manuel.gracia@trussardi.eu",-102015.0
"Gionata","Hussain","gionata.hussain@yahoo.com",-5080.0
"Maria","Nguyen","maria.nguyen@hernadez.com",-3912.0
"Leon","Baker","leon.baker@hotmail.com",101510.0
"Gianmarco","Alcaraz","gianmarco.alcaraz@zacchia.net",86109.0
"Derrick","Little","derrick.little@small.org",-893.0
"Terry","Ramirez","terry.ramirez@hotmail.co.uk",3961.0
"Katarina","Clarke","katarina.clarke@hotmail.com.au",3739.0
"Leila","Washington","leila.washington@gmail.com",37385.0
"Mirko","Townsend","mirko.townsend@schmitt.com",3395.0
"Randall","Connolly","randall.connolly@jovinelli-castelli.com",-4469.0
"Pia","Burgess","pia.burgess@proyectos.org",1858.0
"Justine","Mancini","justine.mancini@tiscali.it",116195.0
"Reynaldo","Wagenknecht","reynaldo.wagenknecht@faure.com",138462.0
"Toni","Magrassi","toni.magrassi@gmail.com",2639.0
"Patrizio","Cisneros","patrizio.cisneros@martinez.edu.au",3482.0
"Durante","Lindner","durante.lindner@picard.fr",-3620.0
"Rosl","Lamborghini","rosl.lamborghini@hiller.net",95.0
"Ugo","Harrison","ugo.harrison@morley-chapman.co.uk",-144556.0
"Isidor","Carpenter","isidor.carpenter@chauvin.com",43513.0
"Marie","Zoppetto","marie.zoppetto@kallert.de",1320.0
"Branko","Chambers","branko.chambers@ifrance.com",-113784.0
"Alan","Pineda","alan.pineda@proyectos.info",-7063.0
"Carmen","Oestrovsky","carmen.oestrovsky@gmail.com",151902.0
"Shane","Fernandez","shane.fernandez@hotmail.de",-2634.0
"Debbie","Guilbert","debbie.guilbert@berg.edu",-6981.0
"Vito","Dossi","vito.dossi@hotmail.co.uk",138369.0
"Evan","Schacht","evan.schacht@price.com",822.0
"Mandy","Weston","mandy.weston@free.fr",-1100.0
"Paulo","Zito","paulo.zito@nelson.biz",-7057.0
"Alberto","Girschner","alberto.girschner@laboratorios.com",903.0
"Giacomo","Bouvet","giacomo.bouvet@gmail.com",-9464.0
"Ehrentraud","Puga","ehrentraud.puga@laboratorios.com",-6301.0
"Cristian","Hale","cristian.hale@hotmail.co.uk",-11768.0
"Lilija","Charles","lilija.charles@gmail.com",-32738.0
"Albert","Legendre","albert.legendre@lee.com",-5717.0
"Marisa","Renaud","marisa.renaud@smith.org",-650.0
"Sharon","Diallo","sharon.diallo@gmail.com",37241.0
"Eduardo","Delattre","eduardo.delattre@lynch.net.au",3686.0
"Bernadette","Wang","bernadette.wang@gmail.com",-54824.0
"Dina","Gibbons","dina.gibbons@brewer.net",94924.0
"Clara","Armstrong","clara.armstrong@vodafone.it",-2191.0
"Elliott","Herrmann","elliott.herrmann@hotmail.com.au",-2966.0
"Graziella","Vidal","graziella.vidal@hotmail.com",-8886.0
"Francisca","Becerra","francisca.becerra@young.com.au",1823.0
"Edeltrud","Boyer","edeltrud.boyer@outlook.com",-7641.0
"Julian","Noble","julian.noble@hill.org.au",-26044.0
"Christophe","Bohnbach","christophe.bohnbach@ifrance.com",116570.0
"Ippazio","Angulo","ippazio.angulo@yahoo.com",-5241.0
"Grace","Kroker","grace.kroker@hotmail.com",1085.0
"Jared","Ferguson","jared.ferguson@roberts.com",-59304.0
"Virginie","McLean","virginie.mclean@yahoo.com",-3410.0
"Mason","Potter","mason.potter@gmail.com",56077.0
"Aaron","Anaya","aaron.anaya@hotmail.com.au",4656.0
"Leah","Ornelas","leah.ornelas@gmail.com",-7241.0
"Harald","Roy","harald.roy@web.de",4501.0
"Micaela","Martel","micaela.martel@hotmail.com",-9590.0
"Vincentio","Sanders","vincentio.sanders@voila.fr",961.0
"Bettina","Norbiato","bettina.norbiato@allen-lutz.org",-1291.0
"Julio","Renner","julio.renner@industrias.net",-10123.0
"Jelena","Stiffel","jelena.stiffel@trupp.de",2192.0
"Guadalupe","Munoz","guadalupe.munoz@murray-hamilton.com.au",67027.0
"Whitney","Noack","whitney.noack@laboratorios.org",-55916.0
"Gelsomina","Migliaccio","gelsomina.migliaccio@junk.com",1786.0
"Evangelista","Pereira","evangelista.pereira@thompson-peterson.biz",2997.0
"Gareth","Comolli","gareth.comolli@tiscali.fr",28777.0
"Michelangelo","Hess","michelangelo.hess@bouygtel.fr",48281.0
